"2069",,"2319",,"2019-01-30 12:02:13.0073302",,"1",,"1",,"1",,"2019-01-30 12:02:13.0083235",,"2",,"2",,"2019-06-28 14:24:53.9297673",,"dbc9b029-599a-4440-8abf-049b3547b6ec",,"2019-07-03 11:28:05.8256653",,"dbc9b029-599a-4440-8abf-049b3547b6ec",,"0",,"",,"1",,"",,"1",,"2019-07-23 12:58:18.7957031",,"9b368f63-921d-423d-87c4-128b3a99a2ca",,"0",,"",,"",,"1",,"1",,"1",,"1",,"",,"",,"1",,"0",,"",,"",
"2071",,"2321",,"2019-02-01 11:13:10.2721638",,"1",,"1",,"1",,"2019-02-01 11:13:10.2731601",,"1",,"1",,"2019-02-01 11:13:10.2731601",,"f744f704-999f-4055-8382-b0a5f94ccd01",,"2019-02-01 16:26:57.2060079",,"f744f704-999f-4055-8382-b0a5f94ccd01",,"0",,"",,"1",,"",,"1",,"2019-02-04 16:40:47.3221095",,"9b368f63-921d-423d-87c4-128b3a99a2ca",,"0",,"",,"",,"1",,"1",,"0",,"0",,"",,"",,"0",,"0",,"",,"",
"2073",,"2325",,"2019-02-14 05:44:17.5412478",,"1",,"1",,"1",,"2019-02-14 05:44:17.5422517",,"1",,"1",,"2019-02-14 05:44:17.5422517",,"f744f704-999f-4055-8382-b0a5f94ccd01",,"2019-03-28 16:14:33.9725394",,"f744f704-999f-4055-8382-b0a5f94ccd01",,"0",,"f744f704-999f-4055-8382-b0a5f94ccd01",,"1",,"ok to process",,"1",,"2019-03-29 14:40:36.3961975",,"9b368f63-921d-423d-87c4-128b3a99a2ca",,"0",,"",,"",,"1",,"1",,"1",,"1",,"1",,"Mar 28 2019  3:47PM",,"1",,"0",,"",,"",
"2075",,"2487",,"2019-03-06 14:14:37.7358641",,"1",,"2",,"0",,"",,"1",,"1",,"2019-03-06 14:14:37.7368639",,"",,"",,"",,"0",,"",,"0",,"",,"0",,"",,"",,"0",,"",,"",,"0",,"1",,"0",,"0",,"",,"",,"0",,"0",,"",,"",
"2077",,"2464",,"2019-03-11 11:28:12.8373760",,"1",,"2",,"2",,"2019-03-11 11:43:10.4249336",,"1",,"1",,"2019-03-11 11:28:12.8373760",,"f744f704-999f-4055-8382-b0a5f94ccd01",,"2019-03-25 09:12:34.7088869",,"f744f704-999f-4055-8382-b0a5f94ccd01",,"0",,"f744f704-999f-4055-8382-b0a5f94ccd01",,"1",,"",,"1",,"2019-03-29 14:40:08.2332237",,"9b368f63-921d-423d-87c4-128b3a99a2ca",,"0",,"",,"",,"1",,"1",,"1",,"0",,"",,"Mar 13 2019  3:03PM",,"0",,"0",,"",,"",
"2078",,"2527",,"2019-03-12 18:25:59.3305382",,"1",,"2",,"2",,"2019-03-25 21:00:19.9120047",,"2",,"2",,"2019-03-25 21:00:19.9120047",,"f744f704-999f-4055-8382-b0a5f94ccd01",,"2019-03-26 13:27:33.8364411",,"f744f704-999f-4055-8382-b0a5f94ccd01",,"0",,"",,"1",,"",,"1",,"2019-03-29 14:40:22.3842168",,"9b368f63-921d-423d-87c4-128b3a99a2ca",,"0",,"",,"",,"1",,"1",,"1",,"0",,"",,"",,"0",,"0",,"",,"",
"2079",,"2529",,"2019-03-14 15:53:13.5433615",,"1",,"1",,"0",,"",,"2",,"1",,"2019-03-20 10:54:34.4018848",,"",,"",,"",,"0",,"",,"0",,"",,"0",,"",,"",,"0",,"",,"",,"0",,"4",,"0",,"1",,"",,"",,"1",,"0",,"",,"",
"2080",,"2529",,"2019-03-20 12:56:51.2131785",,"1",,"1",,"0",,"",,"2",,"1",,"2019-03-22 14:31:52.9659869",,"",,"",,"",,"0",,"",,"0",,"",,"0",,"",,"",,"0",,"",,"",,"0",,"4",,"0",,"1",,"",,"",,"1",,"0",,"",,"",
"2083",,"2529",,"2019-03-22 14:38:02.5405245",,"1",,"1",,"1",,"2019-03-26 11:23:14.8644362",,"2",,"2",,"2019-03-22 14:42:16.1556758",,"f744f704-999f-4055-8382-b0a5f94ccd01",,"2019-03-26 13:26:32.4691317",,"f744f704-999f-4055-8382-b0a5f94ccd01",,"0",,"",,"1",,"",,"1",,"2019-03-29 14:39:49.4789203",,"9b368f63-921d-423d-87c4-128b3a99a2ca",,"0",,"",,"",,"1",,"1",,"0",,"1",,"",,"",,"1",,"0",,"",,"",
"2084",,"2648",,"2019-03-25 12:28:14.3676986",,"1",,"1",,"1",,"2019-03-25 12:28:14.3696980",,"1",,"1",,"2019-03-25 12:28:14.3686988",,"f744f704-999f-4055-8382-b0a5f94ccd01",,"2019-03-26 13:52:02.6514289",,"f744f704-999f-4055-8382-b0a5f94ccd01",,"0",,"",,"1",,"",,"1",,"2019-03-29 14:41:06.0552787",,"9b368f63-921d-423d-87c4-128b3a99a2ca",,"0",,"",,"",,"1",,"1",,"1",,"1",,"",,"",,"1",,"0",,"",,"",
"2087",,"2665",,"2019-03-27 09:25:28.1094704",,"1",,"1",,"1",,"2019-03-27 09:25:28.1094704",,"2",,"2",,"2019-07-02 12:30:33.5170377",,"dbc9b029-599a-4440-8abf-049b3547b6ec",,"2019-07-03 11:26:37.9055000",,"dbc9b029-599a-4440-8abf-049b3547b6ec",,"0",,"",,"1",,"",,"1",,"2019-07-23 12:57:20.9056458",,"9b368f63-921d-423d-87c4-128b3a99a2ca",,"0",,"",,"",,"1",,"1",,"1",,"1",,"",,"",,"1",,"0",,"",,"",
"2088",,"2663",,"2019-03-27 13:38:56.5063214",,"1",,"1",,"1",,"2019-03-27 13:38:56.5063214",,"1",,"1",,"2019-03-27 13:38:56.5063214",,"dbc9b029-599a-4440-8abf-049b3547b6ec",,"2019-04-02 17:02:12.8140179",,"dbc9b029-599a-4440-8abf-049b3547b6ec",,"0",,"",,"1",,"",,"1",,"2019-04-04 13:16:54.6011663",,"9b368f63-921d-423d-87c4-128b3a99a2ca",,"0",,"",,"",,"1",,"1",,"1",,"1",,"1",,"Mar 28 2019  3:47PM",,"1",,"0",,"",,"",
"2090",,"2664",,"2019-03-27 16:50:59.0152408",,"1",,"1",,"1",,"2019-03-27 16:50:59.0152408",,"2",,"1",,"",,"",,"",,"",,"0",,"",,"0",,"",,"0",,"",,"",,"0",,"",,"",,"0",,"1",,"0",,"0",,"",,"",,"0",,"0",,"",,"",
"2091",,"2682",,"2019-03-27 17:07:08.3532100",,"1",,"1",,"1",,"2019-03-27 17:07:08.3532100",,"1",,"1",,"2019-03-27 17:07:08.3532100",,"f744f704-999f-4055-8382-b0a5f94ccd01",,"2019-03-28 16:23:59.0641608",,"f744f704-999f-4055-8382-b0a5f94ccd01",,"0",,"",,"1",,"",,"1",,"2019-03-29 14:41:25.5576468",,"9b368f63-921d-423d-87c4-128b3a99a2ca",,"0",,"",,"",,"1",,"1",,"1",,"1",,"1",,"Mar 28 2019  3:47PM",,"1",,"0",,"",,"",
"2093",,"2667",,"2019-03-29 09:34:34.2457095",,"1",,"2",,"1",,"2019-03-29 09:34:34.2467067",,"2",,"1",,"",,"",,"",,"",,"0",,"",,"0",,"",,"0",,"",,"",,"0",,"",,"",,"0",,"1",,"0",,"1",,"",,"",,"1",,"0",,"",,"",
"2095",,"2662",,"2019-04-01 16:38:14.8966067",,"1",,"1",,"1",,"2019-04-01 16:38:14.8976082",,"2",,"1",,"",,"",,"",,"",,"0",,"",,"0",,"",,"0",,"",,"",,"0",,"",,"",,"0",,"1",,"1",,"1",,"",,"",,"1",,"0",,"",,"",
"2096",,"2586",,"2019-04-02 12:03:01.7323459",,"1",,"1",,"1",,"2019-04-02 13:40:36.3958549",,"1",,"1",,"2019-04-02 12:03:01.7333475",,"dbc9b029-599a-4440-8abf-049b3547b6ec",,"2019-04-02 16:59:25.3282801",,"dbc9b029-599a-4440-8abf-049b3547b6ec",,"0",,"",,"1",,"INSTRUCTION OK",,"1",,"2019-04-04 13:16:41.8772726",,"9b368f63-921d-423d-87c4-128b3a99a2ca",,"0",,"",,"",,"1",,"1",,"1",,"1",,"",,"",,"1",,"0",,"",,"",
"2098",,"2704",,"2019-04-04 11:32:11.3215971",,"1",,"1",,"1",,"2019-04-04 11:32:11.3225992",,"1",,"1",,"2019-04-04 11:32:11.3225992",,"",,"2019-04-04 15:14:44.4388669",,"",,"1",,"dbc9b029-599a-4440-8abf-049b3547b6ec",,"4",,"Application Declined",,"0",,"",,"",,"0",,"",,"",,"0",,"4",,"0",,"1",,"1",,"Apr  4 2019 11:33AM",,"1",,"0",,"",,"",
"2099",,"2701",,"2019-04-05 16:20:52.9851605",,"1",,"1",,"1",,"2019-04-05 16:28:29.8611929",,"1",,"1",,"2019-04-05 16:20:52.9851605",,"dbc9b029-599a-4440-8abf-049b3547b6ec",,"2019-04-05 17:33:57.8236068",,"dbc9b029-599a-4440-8abf-049b3547b6ec",,"0",,"",,"1",,"",,"1",,"2019-04-15 10:37:58.8508309",,"9b368f63-921d-423d-87c4-128b3a99a2ca",,"0",,"",,"",,"1",,"1",,"1",,"0",,"1",,"Apr  5 2019  4:29PM",,"0",,"0",,"",,"",
"2100",,"2712",,"2019-04-05 17:02:44.7972743",,"1",,"1",,"1",,"2019-04-05 17:02:44.7972743",,"1",,"1",,"2019-04-05 17:02:44.7972743",,"dbc9b029-599a-4440-8abf-049b3547b6ec",,"2019-04-05 17:33:19.6559321",,"dbc9b029-599a-4440-8abf-049b3547b6ec",,"0",,"",,"1",,"",,"1",,"2019-04-15 10:37:44.2338060",,"9b368f63-921d-423d-87c4-128b3a99a2ca",,"0",,"",,"",,"1",,"1",,"1",,"0",,"",,"",,"0",,"0",,"",,"",
"2102",,"2520",,"2019-04-08 12:13:14.9507633",,"1",,"3",,"3",,"2019-04-08 13:03:41.3493450",,"1",,"1",,"2019-04-08 12:13:14.9517607",,"dbc9b029-599a-4440-8abf-049b3547b6ec",,"2019-04-08 16:34:26.3599710",,"dbc9b029-599a-4440-8abf-049b3547b6ec",,"0",,"",,"1",,"",,"1",,"2019-04-15 10:37:16.4348574",,"9b368f63-921d-423d-87c4-128b3a99a2ca",,"0",,"",,"",,"1",,"1",,"1",,"0",,"",,"",,"0",,"0",,"",,"",
"2105",,"2704",,"2019-04-12 14:25:14.0571653",,"1",,"1",,"1",,"2019-04-12 14:25:14.0581648",,"1",,"1",,"2019-04-12 14:25:14.0581648",,"dbc9b029-599a-4440-8abf-049b3547b6ec",,"2019-04-12 14:32:22.7152233",,"dbc9b029-599a-4440-8abf-049b3547b6ec",,"0",,"",,"1",,"",,"1",,"2019-04-15 10:37:02.8189018",,"9b368f63-921d-423d-87c4-128b3a99a2ca",,"0",,"",,"",,"1",,"1",,"0",,"1",,"1",,"Apr 12 2019  2:26PM",,"1",,"0",,"",,"",
"2106",,"2666",,"2019-04-15 10:32:39.3414286",,"1",,"1",,"1",,"2019-05-17 14:13:56.5412984",,"1",,"1",,"2019-04-15 10:32:39.3424271",,"dbc9b029-599a-4440-8abf-049b3547b6ec",,"2019-05-17 15:51:02.0562280",,"dbc9b029-599a-4440-8abf-049b3547b6ec",,"0",,"",,"1",,"",,"1",,"2019-05-20 09:27:04.3497979",,"9b368f63-921d-423d-87c4-128b3a99a2ca",,"0",,"",,"",,"1",,"1",,"1",,"1",,"1",,"May 17 2019  3:48PM",,"1",,"0",,"",,"",
"2111",,"2744",,"2019-04-16 10:25:18.1060414",,"1",,"2",,"2",,"2019-04-29 12:10:58.6676748",,"2",,"2",,"2019-04-29 12:10:58.6676748",,"dbc9b029-599a-4440-8abf-049b3547b6ec",,"2019-04-29 12:29:04.6008236",,"dbc9b029-599a-4440-8abf-049b3547b6ec",,"0",,"",,"1",,"",,"1",,"2019-05-06 09:45:01.4168979",,"9b368f63-921d-423d-87c4-128b3a99a2ca",,"0",,"",,"",,"1",,"1",,"1",,"1",,"1",,"Apr 29 2019 12:13PM",,"1",,"0",,"",,"",
"2112",,"2735",,"2019-04-16 13:29:00.8501256",,"1",,"1",,"1",,"2019-04-16 13:29:00.8501256",,"1",,"1",,"2019-04-16 13:29:00.8501256",,"dbc9b029-599a-4440-8abf-049b3547b6ec",,"2019-04-16 15:47:12.1194788",,"dbc9b029-599a-4440-8abf-049b3547b6ec",,"0",,"",,"1",,"",,"1",,"2019-04-17 15:55:18.5630580",,"9b368f63-921d-423d-87c4-128b3a99a2ca",,"0",,"",,"",,"1",,"1",,"0",,"1",,"",,"",,"1",,"0",,"",,"",
"2113",,"2750",,"2019-04-16 13:55:28.7094598",,"1",,"1",,"1",,"2019-04-16 13:55:28.7094598",,"1",,"1",,"2019-04-16 13:55:28.7094598",,"dbc9b029-599a-4440-8abf-049b3547b6ec",,"2019-04-16 15:41:48.7678049",,"dbc9b029-599a-4440-8abf-049b3547b6ec",,"0",,"",,"1",,"",,"1",,"2019-04-17 14:20:05.9538961",,"9b368f63-921d-423d-87c4-128b3a99a2ca",,"0",,"",,"",,"1",,"1",,"0",,"0",,"",,"",,"0",,"0",,"",,"",
"2114",,"2752",,"2019-04-16 14:38:49.2377994",,"1",,"1",,"1",,"2019-04-16 14:38:49.2377994",,"1",,"1",,"2019-04-16 14:38:49.2377994",,"dbc9b029-599a-4440-8abf-049b3547b6ec",,"2019-04-16 15:42:36.1421253",,"dbc9b029-599a-4440-8abf-049b3547b6ec",,"0",,"",,"1",,"",,"1",,"2019-04-17 15:55:00.8858213",,"9b368f63-921d-423d-87c4-128b3a99a2ca",,"0",,"",,"",,"1",,"1",,"0",,"1",,"",,"",,"1",,"0",,"",,"",
"2117",,"2759",,"2019-04-16 16:42:26.4538624",,"1",,"1",,"1",,"2019-04-16 16:42:26.4538624",,"1",,"1",,"2019-04-16 16:42:26.4538624",,"dbc9b029-599a-4440-8abf-049b3547b6ec",,"2019-04-16 16:50:22.3192339",,"dbc9b029-599a-4440-8abf-049b3547b6ec",,"0",,"",,"1",,"",,"1",,"2019-04-17 14:19:44.3473777",,"9b368f63-921d-423d-87c4-128b3a99a2ca",,"0",,"",,"",,"1",,"1",,"1",,"1",,"",,"",,"1",,"0",,"",,"",
"2119",,"2762",,"2019-04-18 10:41:54.1392030",,"1",,"2",,"1",,"2019-04-18 10:41:54.1392030",,"2",,"1",,"",,"",,"",,"",,"0",,"",,"0",,"",,"0",,"",,"",,"0",,"",,"",,"0",,"4",,"1",,"1",,"",,"",,"1",,"1",,"2019-08-28 12:49:59.5448851",,"58fabf8f-69f8-4ff2-889a-405bbc568838",
"2120",,"2770",,"2019-04-18 10:43:10.2825416",,"1",,"2",,"0",,"",,"1",,"1",,"2019-04-18 10:43:10.2825416",,"",,"",,"",,"0",,"",,"0",,"Signatory to amend the trading limit for the representatives",,"0",,"",,"",,"0",,"",,"",,"0",,"4",,"0",,"1",,"",,"",,"1",,"1",,"2019-08-29 10:02:28.0707357",,"58fabf8f-69f8-4ff2-889a-405bbc568838",
"2123",,"2776",,"2019-04-18 12:33:11.4984058",,"1",,"1",,"1",,"2019-04-18 12:33:11.4984058",,"1",,"1",,"2019-04-18 12:33:11.4984058",,"dbc9b029-599a-4440-8abf-049b3547b6ec",,"2019-04-18 13:08:05.3882134",,"dbc9b029-599a-4440-8abf-049b3547b6ec",,"0",,"",,"1",,"",,"1",,"2019-05-06 09:46:31.3512049",,"9b368f63-921d-423d-87c4-128b3a99a2ca",,"0",,"",,"",,"1",,"1",,"1",,"1",,"",,"",,"1",,"0",,"",,"",
"2124",,"2798",,"2019-04-24 10:59:12.8633712",,"1",,"1",,"1",,"2019-04-24 11:11:55.1611317",,"1",,"1",,"2019-04-24 10:59:12.8643720",,"dbc9b029-599a-4440-8abf-049b3547b6ec",,"2019-04-24 11:50:03.3927891",,"dbc9b029-599a-4440-8abf-049b3547b6ec",,"0",,"",,"1",,"",,"1",,"2019-05-06 09:45:46.1930363",,"9b368f63-921d-423d-87c4-128b3a99a2ca",,"0",,"",,"",,"1",,"1",,"1",,"1",,"",,"",,"1",,"0",,"",,"",
"2125",,"2799",,"2019-04-24 13:44:08.7047652",,"1",,"1",,"1",,"2019-04-24 13:44:08.7057644",,"1",,"1",,"2019-04-24 13:44:08.7057644",,"dbc9b029-599a-4440-8abf-049b3547b6ec",,"2019-04-24 13:56:03.5128810",,"dbc9b029-599a-4440-8abf-049b3547b6ec",,"0",,"",,"1",,"",,"1",,"2019-05-06 09:45:57.3458172",,"9b368f63-921d-423d-87c4-128b3a99a2ca",,"0",,"",,"",,"1",,"1",,"1",,"1",,"",,"",,"1",,"0",,"",,"",
"2127",,"2801",,"2019-04-24 16:04:55.5340226",,"1",,"1",,"1",,"2019-04-24 16:04:55.5350224",,"1",,"1",,"2019-04-24 16:04:55.5340226",,"dbc9b029-599a-4440-8abf-049b3547b6ec",,"2019-04-24 16:09:33.5545301",,"dbc9b029-599a-4440-8abf-049b3547b6ec",,"0",,"",,"1",,"",,"1",,"2019-05-06 09:43:58.6324972",,"9b368f63-921d-423d-87c4-128b3a99a2ca",,"0",,"",,"",,"1",,"1",,"1",,"1",,"",,"",,"1",,"0",,"",,"",
"2128",,"2807",,"2019-04-25 10:23:14.7247284",,"1",,"2",,"2",,"2019-04-25 10:36:25.1501510",,"2",,"2",,"2019-04-25 10:36:25.1501510",,"dbc9b029-599a-4440-8abf-049b3547b6ec",,"2019-04-25 10:42:08.3782173",,"dbc9b029-599a-4440-8abf-049b3547b6ec",,"0",,"",,"1",,"",,"1",,"2019-05-06 09:46:44.6421345",,"9b368f63-921d-423d-87c4-128b3a99a2ca",,"0",,"",,"",,"1",,"1",,"1",,"1",,"",,"",,"1",,"0",,"",,"",
"2129",,"2809",,"2019-04-25 12:34:05.3211860",,"1",,"1",,"1",,"2019-04-25 12:38:03.1238588",,"1",,"1",,"2019-04-25 12:34:05.3221857",,"dbc9b029-599a-4440-8abf-049b3547b6ec",,"2019-04-25 12:55:01.9933000",,"dbc9b029-599a-4440-8abf-049b3547b6ec",,"0",,"",,"1",,"",,"1",,"2019-05-06 09:43:41.5262886",,"9b368f63-921d-423d-87c4-128b3a99a2ca",,"0",,"",,"",,"1",,"1",,"1",,"1",,"",,"",,"1",,"0",,"",,"",
"2130",,"2802",,"2019-04-25 16:07:57.2302849",,"1",,"3",,"3",,"2019-04-25 16:20:58.2320428",,"2",,"2",,"2019-04-25 16:15:10.3946515",,"dbc9b029-599a-4440-8abf-049b3547b6ec",,"2019-04-25 16:24:43.6998484",,"dbc9b029-599a-4440-8abf-049b3547b6ec",,"0",,"",,"1",,"",,"1",,"2019-05-06 09:46:21.9795473",,"9b368f63-921d-423d-87c4-128b3a99a2ca",,"0",,"",,"",,"1",,"1",,"1",,"1",,"",,"",,"1",,"0",,"",,"",
"2131",,"2820",,"2019-04-30 10:57:16.6987658",,"1",,"1",,"1",,"2019-04-30 10:57:16.6997626",,"1",,"1",,"2019-04-30 10:57:16.6987658",,"dbc9b029-599a-4440-8abf-049b3547b6ec",,"2019-04-30 11:04:41.5449616",,"dbc9b029-599a-4440-8abf-049b3547b6ec",,"0",,"",,"1",,"",,"1",,"2019-05-06 09:47:04.4205303",,"9b368f63-921d-423d-87c4-128b3a99a2ca",,"0",,"",,"",,"1",,"1",,"1",,"1",,"",,"",,"1",,"0",,"",,"",
"2132",,"2822",,"2019-04-30 11:54:38.0850628",,"1",,"1",,"1",,"2019-04-30 11:54:38.0850628",,"1",,"1",,"2019-04-30 11:54:38.0850628",,"",,"2019-04-30 12:00:51.6942623",,"",,"1",,"dbc9b029-599a-4440-8abf-049b3547b6ec",,"4",,"Application Declined",,"0",,"",,"",,"0",,"",,"",,"0",,"4",,"1",,"0",,"1",,"Apr 30 2019 12:14PM",,"0",,"0",,"",,"",
"2133",,"2822",,"2019-04-30 12:15:17.4869706",,"1",,"1",,"1",,"2019-04-30 12:15:17.4869706",,"1",,"1",,"2019-04-30 12:15:17.4869706",,"dbc9b029-599a-4440-8abf-049b3547b6ec",,"2019-04-30 12:17:35.0536147",,"dbc9b029-599a-4440-8abf-049b3547b6ec",,"0",,"",,"1",,"",,"1",,"2019-05-06 09:46:53.8157780",,"9b368f63-921d-423d-87c4-128b3a99a2ca",,"0",,"",,"",,"1",,"1",,"1",,"0",,"",,"",,"0",,"0",,"",,"",
"2134",,"2817",,"2019-04-30 14:18:32.9890584",,"1",,"1",,"1",,"2019-04-30 14:18:32.9900586",,"1",,"1",,"2019-04-30 14:18:32.9900586",,"dbc9b029-599a-4440-8abf-049b3547b6ec",,"2019-04-30 14:52:33.7101513",,"dbc9b029-599a-4440-8abf-049b3547b6ec",,"0",,"",,"1",,"",,"1",,"2019-05-06 09:44:34.7670292",,"9b368f63-921d-423d-87c4-128b3a99a2ca",,"0",,"",,"",,"1",,"1",,"1",,"1",,"",,"",,"1",,"0",,"",,"",
"2135",,"2824",,"2019-04-30 14:34:28.6470874",,"1",,"2",,"2",,"2019-04-30 15:15:37.2171542",,"2",,"2",,"2019-04-30 15:15:37.2171542",,"dbc9b029-599a-4440-8abf-049b3547b6ec",,"2019-04-30 15:59:39.8514491",,"dbc9b029-599a-4440-8abf-049b3547b6ec",,"0",,"",,"1",,"",,"1",,"2019-05-06 09:45:29.3558574",,"9b368f63-921d-423d-87c4-128b3a99a2ca",,"0",,"",,"",,"1",,"1",,"1",,"1",,"",,"",,"1",,"0",,"",,"",
"2137",,"2781",,"2019-04-30 18:34:17.5559698",,"1",,"1",,"1",,"2019-04-30 18:34:17.5569731",,"1",,"1",,"2019-04-30 18:34:17.5569731",,"dbc9b029-599a-4440-8abf-049b3547b6ec",,"2019-05-02 08:24:30.7346834",,"dbc9b029-599a-4440-8abf-049b3547b6ec",,"0",,"",,"1",,"",,"1",,"2019-05-06 09:44:12.4234623",,"9b368f63-921d-423d-87c4-128b3a99a2ca",,"0",,"",,"",,"1",,"1",,"1",,"1",,"1",,"May  1 2019 12:15PM",,"1",,"0",,"",,"",
"2139",,"2826",,"2019-05-02 14:39:58.5050732",,"1",,"1",,"1",,"2019-05-02 14:39:58.5050732",,"1",,"1",,"2019-05-02 14:39:58.5050732",,"dbc9b029-599a-4440-8abf-049b3547b6ec",,"2019-05-02 15:09:32.2654472",,"dbc9b029-599a-4440-8abf-049b3547b6ec",,"0",,"",,"1",,"",,"1",,"2019-05-06 09:44:50.2591181",,"9b368f63-921d-423d-87c4-128b3a99a2ca",,"0",,"",,"",,"1",,"1",,"1",,"0",,"",,"",,"0",,"0",,"",,"",
"2140",,"2833",,"2019-05-03 16:38:57.6698245",,"1",,"1",,"0",,"",,"1",,"1",,"2019-05-03 16:38:57.6698245",,"",,"",,"",,"0",,"",,"0",,"",,"0",,"",,"",,"0",,"",,"",,"0",,"1",,"1",,"1",,"",,"",,"1",,"0",,"",,"",
"2141",,"2800",,"2019-05-06 10:56:15.3145723",,"1",,"1",,"1",,"2019-05-06 10:56:15.3155695",,"1",,"1",,"2019-05-06 10:56:15.3155695",,"dbc9b029-599a-4440-8abf-049b3547b6ec",,"2019-05-06 11:17:58.4619415",,"dbc9b029-599a-4440-8abf-049b3547b6ec",,"0",,"",,"1",,"",,"1",,"2019-05-10 14:20:10.6333841",,"9b368f63-921d-423d-87c4-128b3a99a2ca",,"0",,"",,"",,"1",,"1",,"1",,"1",,"1",,"May  6 2019 10:57AM",,"1",,"0",,"",,"",
"2142",,"2842",,"2019-05-07 15:31:28.3553085",,"1",,"2",,"2",,"2019-05-07 15:38:25.1895141",,"2",,"2",,"2019-05-07 15:38:25.1895141",,"dbc9b029-599a-4440-8abf-049b3547b6ec",,"2019-05-10 10:27:16.4735760",,"dbc9b029-599a-4440-8abf-049b3547b6ec",,"0",,"",,"1",,"",,"1",,"2019-05-10 14:20:22.6602275",,"9b368f63-921d-423d-87c4-128b3a99a2ca",,"0",,"",,"",,"1",,"1",,"1",,"1",,"1",,"May  7 2019  3:39PM",,"1",,"0",,"",,"",
"2143",,"2851",,"2019-05-10 13:40:15.7014741",,"1",,"1",,"1",,"2019-05-10 13:40:15.7024595",,"1",,"1",,"2019-05-10 13:40:15.7024595",,"dbc9b029-599a-4440-8abf-049b3547b6ec",,"2019-05-10 13:51:46.1158756",,"dbc9b029-599a-4440-8abf-049b3547b6ec",,"0",,"",,"1",,"",,"1",,"2019-05-10 14:19:52.5761208",,"9b368f63-921d-423d-87c4-128b3a99a2ca",,"0",,"",,"",,"1",,"1",,"1",,"0",,"1",,"May 10 2019  1:41PM",,"0",,"0",,"",,"",
"2144",,"2857",,"2019-05-14 08:56:31.1550295",,"1",,"1",,"1",,"2019-05-14 08:56:31.1550295",,"2",,"1",,"",,"",,"",,"",,"0",,"",,"0",,"",,"0",,"",,"",,"0",,"",,"",,"0",,"1",,"1",,"0",,"",,"",,"0",,"0",,"",,"",
"2145",,"2871",,"2019-05-15 15:45:17.0757488",,"1",,"1",,"1",,"2019-05-15 15:45:17.0767486",,"1",,"1",,"2019-05-15 15:45:17.0757488",,"dbc9b029-599a-4440-8abf-049b3547b6ec",,"2019-05-15 15:50:35.3810753",,"dbc9b029-599a-4440-8abf-049b3547b6ec",,"0",,"",,"1",,"",,"1",,"2019-05-16 10:52:57.6662816",,"9b368f63-921d-423d-87c4-128b3a99a2ca",,"0",,"",,"",,"1",,"1",,"1",,"0",,"1",,"May 15 2019  3:47PM",,"0",,"0",,"",,"",
"2146",,"2858",,"2019-05-15 20:27:11.5771842",,"1",,"1",,"0",,"",,"2",,"2",,"2019-07-12 06:03:51.7468570",,"",,"",,"",,"0",,"",,"0",,"",,"0",,"",,"",,"0",,"",,"",,"0",,"1",,"1",,"1",,"",,"",,"1",,"0",,"",,"",
"2147",,"2521",,"2019-05-16 09:24:28.7164459",,"1",,"2",,"2",,"2019-05-16 09:54:11.7004576",,"2",,"2",,"2019-05-16 09:54:11.7004576",,"dbc9b029-599a-4440-8abf-049b3547b6ec",,"2019-05-16 15:53:01.5658361",,"dbc9b029-599a-4440-8abf-049b3547b6ec",,"0",,"",,"1",,"",,"1",,"2019-05-17 12:34:52.2421439",,"9b368f63-921d-423d-87c4-128b3a99a2ca",,"0",,"",,"",,"1",,"1",,"1",,"1",,"1",,"May 16 2019  3:48PM",,"1",,"0",,"",,"",
"2150",,"2875",,"2019-05-16 18:02:51.2120182",,"1",,"1",,"1",,"2019-05-16 18:02:51.2120182",,"2",,"1",,"",,"",,"",,"",,"0",,"",,"0",,"",,"0",,"",,"",,"0",,"",,"",,"0",,"1",,"1",,"0",,"",,"",,"0",,"0",,"",,"",
"2151",,"2877",,"2019-05-17 11:49:49.1706167",,"1",,"1",,"1",,"2019-05-17 11:49:49.1716143",,"2",,"2",,"2019-05-17 16:38:03.7270763",,"dbc9b029-599a-4440-8abf-049b3547b6ec",,"2019-05-20 08:16:01.8939353",,"dbc9b029-599a-4440-8abf-049b3547b6ec",,"0",,"",,"1",,"",,"1",,"2019-05-20 09:28:54.3525197",,"9b368f63-921d-423d-87c4-128b3a99a2ca",,"0",,"",,"",,"1",,"1",,"1",,"0",,"1",,"May 18 2019  3:48PM",,"0",,"0",,"",,"",
"2152",,"2848",,"2019-05-19 16:06:50.9854014",,"1",,"2",,"2",,"2019-05-19 16:16:15.0769472",,"2",,"2",,"2019-05-19 16:16:15.0769472",,"dbc9b029-599a-4440-8abf-049b3547b6ec",,"2019-05-20 08:15:09.4182578",,"dbc9b029-599a-4440-8abf-049b3547b6ec",,"0",,"",,"1",,"",,"1",,"2019-05-20 09:26:29.9784022",,"9b368f63-921d-423d-87c4-128b3a99a2ca",,"0",,"",,"",,"1",,"1",,"1",,"1",,"1",,"May 19 2019  4:17PM",,"1",,"0",,"",,"",
"2153",,"2862",,"2019-05-20 12:37:23.9015040",,"1",,"1",,"0",,"",,"2",,"1",,"2019-07-08 14:30:13.4449150",,"",,"",,"",,"0",,"",,"0",,"",,"0",,"",,"",,"0",,"",,"",,"0",,"4",,"1",,"1",,"",,"",,"1",,"0",,"",,"",
"2155",,"2865",,"2019-05-21 16:30:29.5305164",,"1",,"2",,"2",,"2019-07-03 12:23:17.0408363",,"2",,"2",,"2019-06-06 13:23:45.6664433",,"dbc9b029-599a-4440-8abf-049b3547b6ec",,"2019-07-03 13:34:29.2623906",,"dbc9b029-599a-4440-8abf-049b3547b6ec",,"0",,"",,"1",,"",,"1",,"2019-07-23 12:56:29.3770329",,"9b368f63-921d-423d-87c4-128b3a99a2ca",,"0",,"",,"",,"1",,"1",,"1",,"1",,"",,"",,"1",,"0",,"",,"",
"2156",,"2568",,"2019-05-21 18:10:13.1818447",,"1",,"1",,"1",,"2019-05-21 18:10:13.1828445",,"1",,"1",,"2019-05-21 18:10:13.1818447",,"dbc9b029-599a-4440-8abf-049b3547b6ec",,"2019-05-23 09:00:46.5637979",,"dbc9b029-599a-4440-8abf-049b3547b6ec",,"0",,"",,"1",,"",,"1",,"2019-05-27 14:58:51.3373868",,"9b368f63-921d-423d-87c4-128b3a99a2ca",,"0",,"",,"",,"1",,"1",,"1",,"1",,"1",,"May 21 2019  6:11PM",,"1",,"0",,"",,"",
"2157",,"2889",,"2019-05-23 10:55:55.0852432",,"1",,"1",,"1",,"2019-05-23 10:55:55.0862309",,"2",,"2",,"2019-05-23 11:16:14.3606924",,"dbc9b029-599a-4440-8abf-049b3547b6ec",,"2019-05-23 11:27:48.6503697",,"dbc9b029-599a-4440-8abf-049b3547b6ec",,"0",,"",,"1",,"",,"1",,"2019-05-27 14:59:22.4735729",,"9b368f63-921d-423d-87c4-128b3a99a2ca",,"0",,"",,"",,"1",,"1",,"1",,"0",,"1",,"May 23 2019 11:17AM",,"0",,"0",,"",,"",
"2159",,"2796",,"2019-05-23 15:38:43.4681542",,"1",,"1",,"1",,"2019-05-23 15:38:43.4701537",,"1",,"1",,"2019-05-23 15:38:43.4691532",,"dbc9b029-599a-4440-8abf-049b3547b6ec",,"2019-05-23 15:47:00.1400381",,"dbc9b029-599a-4440-8abf-049b3547b6ec",,"0",,"",,"1",,"",,"1",,"2019-05-27 14:59:37.1736016",,"9b368f63-921d-423d-87c4-128b3a99a2ca",,"0",,"",,"",,"1",,"1",,"1",,"1",,"",,"",,"1",,"0",,"",,"",
"2160",,"2804",,"2019-05-24 13:20:23.7736114",,"1",,"2",,"1",,"2019-05-24 13:20:23.7746128",,"2",,"1",,"",,"",,"",,"",,"0",,"",,"0",,"",,"0",,"",,"",,"0",,"",,"",,"0",,"1",,"1",,"1",,"",,"",,"1",,"0",,"",,"",
"2161",,"2897",,"2019-05-27 13:18:17.5973220",,"1",,"1",,"1",,"2019-05-27 13:18:17.5983231",,"1",,"1",,"2019-05-27 13:18:17.5973220",,"dbc9b029-599a-4440-8abf-049b3547b6ec",,"2019-05-27 13:53:27.5722787",,"dbc9b029-599a-4440-8abf-049b3547b6ec",,"0",,"",,"1",,"",,"1",,"2019-05-27 14:59:05.9174115",,"9b368f63-921d-423d-87c4-128b3a99a2ca",,"0",,"",,"",,"1",,"1",,"1",,"1",,"",,"",,"1",,"0",,"",,"",
"2162",,"2893",,"2019-05-27 13:53:35.6828331",,"1",,"1",,"1",,"2019-05-27 13:53:35.6828331",,"1",,"1",,"2019-05-27 13:53:35.6828331",,"dbc9b029-599a-4440-8abf-049b3547b6ec",,"2019-05-29 11:48:48.7559769",,"dbc9b029-599a-4440-8abf-049b3547b6ec",,"0",,"",,"1",,"",,"1",,"2019-06-03 08:36:53.8989251",,"9b368f63-921d-423d-87c4-128b3a99a2ca",,"0",,"",,"",,"1",,"1",,"1",,"1",,"",,"",,"1",,"0",,"",,"",
"2163",,"2901",,"2019-05-29 10:46:20.5681694",,"1",,"4",,"4",,"2019-05-29 11:04:44.6685807",,"3",,"3",,"2019-05-29 10:58:55.8331334",,"dbc9b029-599a-4440-8abf-049b3547b6ec",,"2019-05-29 11:47:13.4132921",,"dbc9b029-599a-4440-8abf-049b3547b6ec",,"0",,"",,"1",,"",,"1",,"2019-06-03 08:36:25.6317439",,"9b368f63-921d-423d-87c4-128b3a99a2ca",,"0",,"",,"",,"1",,"1",,"1",,"0",,"",,"",,"0",,"0",,"",,"",
"2164",,"2902",,"2019-05-29 15:37:45.3881519",,"1",,"1",,"1",,"2019-05-29 16:40:52.5216949",,"2",,"2",,"2019-05-29 16:11:48.2453824",,"dbc9b029-599a-4440-8abf-049b3547b6ec",,"2019-05-31 11:24:49.5511834",,"dbc9b029-599a-4440-8abf-049b3547b6ec",,"0",,"",,"1",,"",,"1",,"2019-06-03 08:36:39.2070490",,"9b368f63-921d-423d-87c4-128b3a99a2ca",,"0",,"",,"",,"1",,"1",,"1",,"0",,"",,"",,"0",,"0",,"",,"",
"2166",,"2905",,"2019-05-30 15:04:51.7993972",,"1",,"2",,"2",,"2019-05-30 15:13:08.6602329",,"2",,"2",,"2019-05-30 15:13:08.6602329",,"dbc9b029-599a-4440-8abf-049b3547b6ec",,"2019-05-31 11:19:10.8165120",,"dbc9b029-599a-4440-8abf-049b3547b6ec",,"0",,"",,"1",,"",,"1",,"2019-06-03 08:36:10.1024068",,"9b368f63-921d-423d-87c4-128b3a99a2ca",,"0",,"",,"",,"1",,"1",,"1",,"0",,"",,"",,"0",,"0",,"",,"",
"2167",,"2906",,"2019-05-31 10:42:35.9063500",,"1",,"2",,"2",,"2019-05-31 10:45:51.8650879",,"2",,"2",,"2019-05-31 10:45:51.8650879",,"dbc9b029-599a-4440-8abf-049b3547b6ec",,"2019-05-31 11:18:23.6422060",,"dbc9b029-599a-4440-8abf-049b3547b6ec",,"0",,"",,"1",,"",,"1",,"2019-06-03 08:35:58.6092335",,"9b368f63-921d-423d-87c4-128b3a99a2ca",,"0",,"",,"",,"1",,"1",,"1",,"1",,"",,"",,"1",,"0",,"",,"",
"2168",,"2828",,"2019-05-31 12:04:35.8706961",,"1",,"3",,"3",,"2019-05-31 15:25:05.1181125",,"2",,"2",,"2019-05-31 14:46:11.5010632",,"",,"2019-05-31 16:27:11.1135417",,"",,"1",,"dbc9b029-599a-4440-8abf-049b3547b6ec",,"4",,"Application Declined",,"0",,"",,"",,"0",,"",,"",,"0",,"4",,"1",,"1",,"1",,"Jun 13 2019  4:15PM",,"1",,"0",,"",,"",
"2169",,"2828",,"2019-05-31 16:41:11.3120450",,"1",,"3",,"3",,"2019-06-01 00:19:05.9054731",,"2",,"2",,"2019-05-31 17:41:49.1082154",,"dbc9b029-599a-4440-8abf-049b3547b6ec",,"2019-06-03 15:16:00.1959169",,"dbc9b029-599a-4440-8abf-049b3547b6ec",,"0",,"",,"1",,"",,"1",,"2019-06-04 08:45:25.3684414",,"9b368f63-921d-423d-87c4-128b3a99a2ca",,"0",,"",,"",,"1",,"1",,"1",,"1",,"",,"",,"1",,"0",,"",,"",
"2170",,"2907",,"2019-06-03 13:39:54.9346896",,"1",,"1",,"1",,"2019-06-03 13:39:54.9356875",,"1",,"1",,"2019-06-03 13:39:54.9346896",,"dbc9b029-599a-4440-8abf-049b3547b6ec",,"2019-06-03 15:16:28.6216987",,"dbc9b029-599a-4440-8abf-049b3547b6ec",,"0",,"",,"1",,"",,"1",,"2019-06-04 08:45:42.5385281",,"9b368f63-921d-423d-87c4-128b3a99a2ca",,"0",,"",,"",,"1",,"1",,"1",,"1",,"",,"",,"1",,"0",,"",,"",
"2171",,"2583",,"2019-06-04 11:39:15.3497646",,"1",,"2",,"0",,"",,"3",,"1",,"",,"",,"",,"",,"0",,"",,"0",,"Moses Gakahu Uploaded a passport photo instead of the signature. Client has been advised for him to start of the process again.",,"0",,"",,"",,"0",,"",,"",,"0",,"4",,"1",,"1",,"",,"",,"1",,"1",,"2019-07-01 16:53:22.7952700",,"58fabf8f-69f8-4ff2-889a-405bbc568838",
"2172",,"2909",,"2019-06-06 09:21:45.3249768",,"1",,"4",,"4",,"2019-07-17 11:46:58.2831338",,"2",,"2",,"2019-07-16 10:49:57.6098331",,"dbc9b029-599a-4440-8abf-049b3547b6ec",,"2019-07-26 12:58:19.8256013",,"dbc9b029-599a-4440-8abf-049b3547b6ec",,"0",,"",,"1",,"",,"1",,"2019-08-02 08:55:55.7999152",,"9b368f63-921d-423d-87c4-128b3a99a2ca",,"0",,"",,"",,"1",,"1",,"1",,"0",,"",,"",,"0",,"0",,"",,"",
"2174",,"2912",,"2019-06-11 09:55:06.8406335",,"1",,"1",,"1",,"2019-06-11 09:55:06.8416348",,"1",,"1",,"2019-06-11 09:55:06.8416348",,"dbc9b029-599a-4440-8abf-049b3547b6ec",,"2019-06-13 13:21:02.2648930",,"dbc9b029-599a-4440-8abf-049b3547b6ec",,"0",,"",,"1",,"",,"1",,"2019-06-14 10:59:16.3275653",,"9b368f63-921d-423d-87c4-128b3a99a2ca",,"0",,"",,"",,"1",,"1",,"0",,"1",,"",,"",,"1",,"0",,"",,"",
"2175",,"2913",,"2019-06-11 12:07:21.8540267",,"1",,"1",,"1",,"2019-06-11 12:07:21.8550280",,"1",,"1",,"2019-06-11 12:07:21.8540267",,"dbc9b029-599a-4440-8abf-049b3547b6ec",,"2019-06-13 13:21:36.6550829",,"dbc9b029-599a-4440-8abf-049b3547b6ec",,"0",,"",,"1",,"",,"1",,"2019-06-14 10:59:27.5302797",,"9b368f63-921d-423d-87c4-128b3a99a2ca",,"0",,"",,"",,"1",,"1",,"1",,"0",,"",,"",,"0",,"0",,"",,"",
"2176",,"2914",,"2019-06-11 13:29:56.8201186",,"1",,"1",,"0",,"2019-07-09 11:30:50.8953758",,"2",,"2",,"2019-07-01 10:02:06.1524554",,"",,"",,"",,"0",,"",,"0",,"",,"0",,"",,"",,"0",,"",,"",,"0",,"4",,"1",,"1",,"",,"",,"1",,"0",,"",,"",
"2178",,"2916",,"2019-06-12 11:05:35.9159908",,"1",,"1",,"1",,"2019-06-12 11:05:35.9169936",,"1",,"1",,"2019-06-12 11:05:35.9159908",,"dbc9b029-599a-4440-8abf-049b3547b6ec",,"2019-06-13 13:22:04.2688414",,"dbc9b029-599a-4440-8abf-049b3547b6ec",,"0",,"",,"1",,"",,"1",,"2019-06-14 10:59:45.3494144",,"9b368f63-921d-423d-87c4-128b3a99a2ca",,"0",,"",,"",,"1",,"1",,"1",,"0",,"",,"",,"0",,"0",,"",,"",
"2179",,"2918",,"2019-06-13 11:34:11.3345804",,"1",,"2",,"1",,"2019-06-13 11:34:11.3345804",,"2",,"1",,"",,"",,"",,"",,"0",,"",,"0",,"",,"0",,"",,"",,"0",,"",,"",,"0",,"1",,"1",,"0",,"",,"",,"0",,"0",,"",,"",
"2180",,"2920",,"2019-06-17 15:23:53.8671828",,"1",,"2",,"2",,"2019-06-20 15:40:57.3209151",,"2",,"2",,"2019-06-20 15:40:57.3209151",,"dbc9b029-599a-4440-8abf-049b3547b6ec",,"2019-06-21 12:03:06.5958421",,"dbc9b029-599a-4440-8abf-049b3547b6ec",,"0",,"",,"1",,"",,"1",,"2019-06-21 17:34:04.3389928",,"9b368f63-921d-423d-87c4-128b3a99a2ca",,"0",,"",,"",,"1",,"1",,"1",,"1",,"",,"",,"1",,"0",,"",,"",
"2181",,"2921",,"2019-06-17 22:05:34.2801763",,"1",,"1",,"1",,"2019-06-17 22:05:34.2811732",,"1",,"1",,"2019-06-17 22:05:34.2801763",,"dbc9b029-599a-4440-8abf-049b3547b6ec",,"2019-06-18 09:00:20.6847036",,"dbc9b029-599a-4440-8abf-049b3547b6ec",,"0",,"",,"1",,"",,"1",,"2019-06-18 12:10:53.6928903",,"9b368f63-921d-423d-87c4-128b3a99a2ca",,"0",,"",,"",,"1",,"1",,"1",,"0",,"1",,"Jun 18 2019  6:00AM",,"0",,"0",,"",,"",
"2182",,"2922",,"2019-06-19 09:00:54.0855509",,"1",,"2",,"2",,"2019-07-29 12:13:59.4013957",,"2",,"2",,"2019-06-19 10:36:39.0964605",,"dbc9b029-599a-4440-8abf-049b3547b6ec",,"2019-07-31 13:31:06.2588650",,"dbc9b029-599a-4440-8abf-049b3547b6ec",,"0",,"",,"1",,"",,"1",,"2019-08-02 08:56:16.4303608",,"9b368f63-921d-423d-87c4-128b3a99a2ca",,"0",,"",,"",,"1",,"1",,"1",,"1",,"",,"",,"1",,"0",,"",,"",
"2183",,"2719",,"2019-06-19 11:21:39.7371558",,"1",,"2",,"1",,"2019-06-19 11:21:39.7371558",,"3",,"2",,"2019-09-23 12:43:50.2998591",,"",,"",,"",,"0",,"",,"0",,"",,"0",,"",,"",,"0",,"",,"",,"0",,"1",,"1",,"1",,"",,"",,"1",,"0",,"",,"",
"2184",,"2925",,"2019-06-19 16:17:49.8801087",,"1",,"1",,"1",,"2019-06-21 16:27:18.2221046",,"2",,"2",,"2019-06-21 12:58:28.6287582",,"dbc9b029-599a-4440-8abf-049b3547b6ec",,"2019-06-24 11:12:30.0887010",,"dbc9b029-599a-4440-8abf-049b3547b6ec",,"0",,"",,"1",,"",,"1",,"2019-06-28 12:18:07.8544549",,"9b368f63-921d-423d-87c4-128b3a99a2ca",,"0",,"",,"",,"1",,"1",,"1",,"1",,"1",,"Jun 21 2019  4:29PM",,"1",,"0",,"",,"",
"2185",,"2923",,"2019-06-20 11:52:06.2235471",,"1",,"2",,"1",,"2019-06-20 11:52:06.2245453",,"1",,"1",,"2019-06-20 11:52:06.2245453",,"",,"",,"",,"0",,"",,"0",,"Second Representatives e-mail was captured wrongly. Client has been contacted.",,"0",,"",,"",,"0",,"",,"",,"0",,"4",,"1",,"1",,"",,"",,"1",,"1",,"2019-07-02 09:33:48.2694086",,"58fabf8f-69f8-4ff2-889a-405bbc568838",
"2186",,"2926",,"2019-06-20 12:51:00.5856595",,"1",,"1",,"1",,"2019-06-20 12:51:00.5856595",,"1",,"1",,"2019-06-20 12:51:00.5856595",,"dbc9b029-599a-4440-8abf-049b3547b6ec",,"2019-06-20 12:56:50.7419589",,"dbc9b029-599a-4440-8abf-049b3547b6ec",,"0",,"",,"1",,"",,"1",,"2019-06-21 17:34:18.5709934",,"9b368f63-921d-423d-87c4-128b3a99a2ca",,"0",,"",,"",,"1",,"1",,"1",,"0",,"1",,"Jun 20 2019 12:51PM",,"0",,"0",,"",,"",
"2189",,"2928",,"2019-06-21 21:20:14.4789487",,"1",,"1",,"1",,"2019-06-21 21:20:14.4799477",,"1",,"1",,"2019-06-21 21:20:14.4799477",,"dbc9b029-599a-4440-8abf-049b3547b6ec",,"2019-06-24 11:13:04.7511328",,"dbc9b029-599a-4440-8abf-049b3547b6ec",,"0",,"",,"1",,"",,"1",,"2019-06-28 12:18:39.0886410",,"9b368f63-921d-423d-87c4-128b3a99a2ca",,"0",,"",,"",,"1",,"1",,"1",,"1",,"1",,"Jun 22 2019  4:30PM",,"1",,"0",,"",,"",
"2190",,"2929",,"2019-06-24 15:18:32.0027103",,"1",,"1",,"1",,"2019-06-24 15:18:32.0037074",,"1",,"1",,"2019-06-24 15:18:32.0027103",,"dbc9b029-599a-4440-8abf-049b3547b6ec",,"2019-06-24 15:47:02.2136317",,"dbc9b029-599a-4440-8abf-049b3547b6ec",,"0",,"",,"1",,"",,"1",,"2019-06-28 12:17:13.4576323",,"9b368f63-921d-423d-87c4-128b3a99a2ca",,"0",,"",,"",,"1",,"1",,"1",,"0",,"",,"",,"0",,"0",,"",,"",
"2191",,"2931",,"2019-06-27 11:39:45.2275566",,"1",,"1",,"1",,"2019-06-27 11:39:45.2285825",,"1",,"1",,"2019-06-27 11:39:45.2275566",,"dbc9b029-599a-4440-8abf-049b3547b6ec",,"2019-06-27 12:32:38.6570611",,"dbc9b029-599a-4440-8abf-049b3547b6ec",,"0",,"",,"1",,"",,"1",,"2019-06-28 12:17:52.1003538",,"9b368f63-921d-423d-87c4-128b3a99a2ca",,"0",,"",,"",,"1",,"1",,"1",,"1",,"",,"",,"1",,"0",,"",,"",
"2192",,"2932",,"2019-06-28 12:59:07.8629363",,"1",,"1",,"1",,"2019-06-28 12:59:07.8639350",,"1",,"1",,"2019-06-28 12:59:07.8629363",,"",,"2019-07-03 11:26:53.0105636",,"",,"1",,"dbc9b029-599a-4440-8abf-049b3547b6ec",,"4",,"",,"0",,"",,"",,"0",,"",,"",,"0",,"4",,"1",,"0",,"",,"",,"0",,"0",,"",,"",
"2193",,"2935",,"2019-07-01 10:04:49.4099007",,"1",,"1",,"0",,"",,"1",,"1",,"2019-07-01 10:04:49.4108988",,"",,"",,"",,"0",,"",,"0",,"",,"0",,"",,"",,"0",,"",,"",,"0",,"4",,"1",,"0",,"",,"",,"0",,"1",,"2019-07-19 10:15:57.5225172",,"58fabf8f-69f8-4ff2-889a-405bbc568838",
"2194",,"2923",,"2019-07-02 11:19:11.2837674",,"1",,"1",,"0",,"",,"1",,"1",,"2019-07-02 11:19:11.2847653",,"",,"",,"",,"0",,"",,"0",,"",,"0",,"",,"",,"0",,"",,"",,"0",,"4",,"0",,"1",,"",,"",,"1",,"1",,"2019-07-12 11:44:30.9368591",,"58fabf8f-69f8-4ff2-889a-405bbc568838",
"2195",,"2908",,"2019-07-04 14:07:47.9097474",,"1",,"2",,"2",,"2019-07-05 09:57:32.0659606",,"2",,"2",,"2019-07-05 09:57:32.0659606",,"dbc9b029-599a-4440-8abf-049b3547b6ec",,"2019-07-10 08:41:32.5453871",,"dbc9b029-599a-4440-8abf-049b3547b6ec",,"0",,"",,"1",,"",,"1",,"2019-07-23 12:57:36.4627361",,"9b368f63-921d-423d-87c4-128b3a99a2ca",,"0",,"",,"",,"1",,"1",,"1",,"1",,"",,"",,"1",,"0",,"",,"",
"2196",,"2963",,"2019-07-11 17:55:45.6131909",,"1",,"1",,"0",,"",,"1",,"1",,"2019-07-11 17:55:45.6131909",,"",,"",,"",,"0",,"",,"0",,"",,"0",,"",,"",,"0",,"",,"",,"0",,"1",,"0",,"1",,"",,"",,"1",,"0",,"",,"",
"2197",,"2923",,"2019-07-12 11:51:31.4223398",,"1",,"2",,"2",,"2019-07-12 11:56:03.8704452",,"1",,"1",,"2019-07-12 11:51:31.4233394",,"dbc9b029-599a-4440-8abf-049b3547b6ec",,"2019-07-12 12:35:45.0974229",,"dbc9b029-599a-4440-8abf-049b3547b6ec",,"0",,"",,"1",,"",,"1",,"2019-07-23 12:56:44.3530822",,"9b368f63-921d-423d-87c4-128b3a99a2ca",,"0",,"",,"",,"1",,"1",,"1",,"1",,"",,"",,"1",,"0",,"",,"",
"2198",,"2967",,"2019-07-16 10:23:17.8906646",,"1",,"1",,"1",,"2019-07-16 10:23:17.8916657",,"1",,"1",,"2019-07-16 10:23:17.8906646",,"",,"2019-07-16 12:54:39.2474262",,"",,"1",,"dbc9b029-599a-4440-8abf-049b3547b6ec",,"4",,"",,"0",,"",,"",,"0",,"",,"",,"0",,"4",,"0",,"1",,"",,"",,"1",,"0",,"",,"",
"2199",,"2965",,"2019-07-17 10:21:38.2331448",,"1",,"2",,"0",,"",,"1",,"1",,"2019-07-17 10:21:38.2341413",,"",,"",,"",,"0",,"",,"0",,"",,"0",,"",,"",,"0",,"",,"",,"0",,"4",,"0",,"0",,"",,"",,"0",,"1",,"2019-07-17 10:57:46.7841859",,"58fabf8f-69f8-4ff2-889a-405bbc568838",
"2200",,"2967",,"2019-07-17 10:36:49.9540614",,"1",,"1",,"1",,"2019-07-17 10:36:49.9540614",,"1",,"1",,"2019-07-17 10:36:49.9540614",,"dbc9b029-599a-4440-8abf-049b3547b6ec",,"2019-07-17 16:09:12.4413684",,"dbc9b029-599a-4440-8abf-049b3547b6ec",,"0",,"",,"1",,"",,"1",,"2019-07-23 12:57:43.4162242",,"9b368f63-921d-423d-87c4-128b3a99a2ca",,"0",,"",,"",,"1",,"1",,"1",,"1",,"",,"",,"1",,"0",,"",,"",
"2201",,"2966",,"2019-07-17 10:37:25.8255769",,"1",,"1",,"0",,"",,"1",,"1",,"2019-07-17 10:37:25.8255769",,"",,"",,"",,"0",,"",,"0",,"",,"0",,"",,"",,"0",,"",,"",,"0",,"4",,"1",,"1",,"",,"",,"1",,"1",,"2019-08-07 09:21:40.4400386",,"58fabf8f-69f8-4ff2-889a-405bbc568838",
"2202",,"2970",,"2019-07-17 16:50:31.2531753",,"1",,"1",,"1",,"2019-07-17 16:50:31.2541936",,"1",,"1",,"2019-07-17 16:50:31.2531753",,"dbc9b029-599a-4440-8abf-049b3547b6ec",,"2019-07-17 17:02:06.7439399",,"dbc9b029-599a-4440-8abf-049b3547b6ec",,"0",,"",,"1",,"",,"1",,"2019-07-23 12:57:11.9350145",,"9b368f63-921d-423d-87c4-128b3a99a2ca",,"0",,"",,"",,"1",,"1",,"1",,"1",,"",,"",,"1",,"0",,"",,"",
"2203",,"2965",,"2019-07-18 08:29:29.4414886",,"1",,"2",,"2",,"2019-07-18 09:48:34.3791984",,"1",,"1",,"2019-07-18 08:29:29.4424875",,"dbc9b029-599a-4440-8abf-049b3547b6ec",,"2019-07-18 13:48:01.3117198",,"dbc9b029-599a-4440-8abf-049b3547b6ec",,"0",,"",,"1",,"",,"1",,"2019-07-23 12:57:28.1151516",,"9b368f63-921d-423d-87c4-128b3a99a2ca",,"0",,"",,"",,"1",,"1",,"1",,"0",,"",,"",,"0",,"0",,"",,"",
"2204",,"2915",,"2019-07-18 11:28:09.4881449",,"1",,"1",,"1",,"2019-07-18 11:28:09.4891425",,"1",,"1",,"2019-07-18 11:28:09.4891425",,"dbc9b029-599a-4440-8abf-049b3547b6ec",,"2019-07-18 13:51:00.0842505",,"dbc9b029-599a-4440-8abf-049b3547b6ec",,"0",,"",,"1",,"",,"1",,"2019-07-23 12:58:02.3865557",,"9b368f63-921d-423d-87c4-128b3a99a2ca",,"0",,"",,"",,"1",,"1",,"1",,"0",,"",,"",,"0",,"0",,"",,"",
"2205",,"2972",,"2019-07-18 16:31:38.1360432",,"1",,"1",,"1",,"2019-07-18 16:31:38.1370428",,"1",,"1",,"2019-07-18 16:31:38.1370428",,"dbc9b029-599a-4440-8abf-049b3547b6ec",,"2019-07-19 16:01:46.5637170",,"dbc9b029-599a-4440-8abf-049b3547b6ec",,"0",,"",,"1",,"",,"1",,"2019-07-23 12:57:49.2226396",,"9b368f63-921d-423d-87c4-128b3a99a2ca",,"0",,"",,"",,"1",,"1",,"1",,"1",,"",,"",,"1",,"0",,"",,"",
"2206",,"2968",,"2019-07-18 18:41:30.5524210",,"1",,"2",,"2",,"2019-08-26 15:56:09.4322992",,"2",,"2",,"2019-08-26 13:15:39.5780830",,"dbc9b029-599a-4440-8abf-049b3547b6ec",,"2019-08-28 11:57:00.4059739",,"dbc9b029-599a-4440-8abf-049b3547b6ec",,"0",,"",,"1",,"",,"1",,"2019-08-29 16:26:33.9543729",,"9b368f63-921d-423d-87c4-128b3a99a2ca",,"0",,"",,"",,"1",,"1",,"1",,"0",,"",,"",,"0",,"0",,"",,"",
"2207",,"2973",,"2019-07-19 10:02:44.0808831",,"1",,"1",,"1",,"2019-07-19 10:02:44.0828832",,"1",,"1",,"2019-07-19 10:02:44.0818833",,"dbc9b029-599a-4440-8abf-049b3547b6ec",,"2019-07-19 16:02:08.7002690",,"dbc9b029-599a-4440-8abf-049b3547b6ec",,"0",,"",,"1",,"",,"1",,"2019-07-23 12:58:10.1120995",,"9b368f63-921d-423d-87c4-128b3a99a2ca",,"0",,"",,"",,"1",,"1",,"1",,"0",,"",,"",,"0",,"0",,"",,"",
"2208",,"2935",,"2019-07-19 10:29:54.1281791",,"1",,"2",,"2",,"2019-07-19 11:32:09.0480580",,"1",,"1",,"2019-07-19 10:29:54.1281791",,"dbc9b029-599a-4440-8abf-049b3547b6ec",,"2019-07-19 16:01:20.1108632",,"dbc9b029-599a-4440-8abf-049b3547b6ec",,"0",,"",,"1",,"",,"1",,"2019-07-23 12:56:54.6348042",,"9b368f63-921d-423d-87c4-128b3a99a2ca",,"0",,"",,"",,"1",,"1",,"1",,"1",,"",,"",,"1",,"0",,"",,"",
"2209",,"2971",,"2019-07-19 16:07:59.2488482",,"1",,"1",,"0",,"",,"1",,"1",,"2019-07-19 16:07:59.2488482",,"",,"",,"",,"0",,"",,"0",,"",,"0",,"",,"",,"0",,"",,"",,"0",,"4",,"0",,"1",,"",,"",,"1",,"1",,"2019-08-07 09:17:34.7408219",,"58fabf8f-69f8-4ff2-889a-405bbc568838",
"2210",,"2974",,"2019-07-22 12:16:38.4673062",,"1",,"1",,"1",,"2019-07-22 12:16:38.4683042",,"1",,"1",,"2019-07-22 12:16:38.4673062",,"dbc9b029-599a-4440-8abf-049b3547b6ec",,"2019-07-22 16:32:47.8264251",,"dbc9b029-599a-4440-8abf-049b3547b6ec",,"0",,"",,"1",,"",,"1",,"2019-07-23 12:58:26.2152270",,"9b368f63-921d-423d-87c4-128b3a99a2ca",,"0",,"",,"",,"1",,"1",,"1",,"1",,"",,"",,"1",,"0",,"",,"",
"2211",,"2975",,"2019-07-22 12:24:34.9797150",,"1",,"1",,"1",,"2019-07-22 12:24:34.9797150",,"1",,"1",,"2019-07-22 12:24:34.9797150",,"dbc9b029-599a-4440-8abf-049b3547b6ec",,"2019-07-22 16:33:37.6979213",,"dbc9b029-599a-4440-8abf-049b3547b6ec",,"0",,"",,"1",,"",,"1",,"2019-07-23 12:58:55.4442850",,"9b368f63-921d-423d-87c4-128b3a99a2ca",,"0",,"",,"",,"1",,"1",,"1",,"1",,"",,"",,"1",,"0",,"",,"",
"2212",,"2976",,"2019-07-22 12:34:33.9787130",,"1",,"1",,"1",,"2019-07-22 12:34:33.9787130",,"1",,"1",,"2019-07-22 12:34:33.9787130",,"dbc9b029-599a-4440-8abf-049b3547b6ec",,"2019-07-22 16:33:14.1322693",,"dbc9b029-599a-4440-8abf-049b3547b6ec",,"0",,"",,"1",,"",,"1",,"2019-07-23 12:58:37.5720210",,"9b368f63-921d-423d-87c4-128b3a99a2ca",,"0",,"",,"",,"1",,"1",,"1",,"1",,"",,"",,"1",,"0",,"",,"",
"2213",,"2980",,"2019-07-23 09:22:26.3396683",,"1",,"1",,"1",,"2019-07-23 09:22:26.3406568",,"2",,"2",,"2019-08-22 16:38:48.3238345",,"dbc9b029-599a-4440-8abf-049b3547b6ec",,"2019-08-23 14:56:39.2292750",,"dbc9b029-599a-4440-8abf-049b3547b6ec",,"0",,"",,"1",,"",,"1",,"2019-08-27 13:50:11.6672076",,"9b368f63-921d-423d-87c4-128b3a99a2ca",,"0",,"",,"",,"1",,"1",,"1",,"0",,"",,"",,"0",,"0",,"",,"",
"2214",,"2982",,"2019-07-23 09:59:57.6975092",,"1",,"1",,"1",,"2019-07-23 09:59:57.6975092",,"1",,"1",,"2019-07-23 09:59:57.6975092",,"dbc9b029-599a-4440-8abf-049b3547b6ec",,"2019-07-23 11:58:41.3858768",,"dbc9b029-599a-4440-8abf-049b3547b6ec",,"0",,"",,"1",,"",,"1",,"2019-07-23 12:57:04.1694734",,"9b368f63-921d-423d-87c4-128b3a99a2ca",,"0",,"",,"",,"1",,"1",,"0",,"1",,"",,"",,"1",,"0",,"",,"",
"2215",,"2984",,"2019-07-23 11:58:52.3126372",,"1",,"1",,"1",,"2019-07-23 11:58:52.3126372",,"1",,"1",,"2019-07-23 11:58:52.3126372",,"dbc9b029-599a-4440-8abf-049b3547b6ec",,"2019-07-24 15:30:28.8373262",,"dbc9b029-599a-4440-8abf-049b3547b6ec",,"0",,"",,"1",,"",,"1",,"2019-08-02 08:55:33.8493744",,"9b368f63-921d-423d-87c4-128b3a99a2ca",,"0",,"",,"",,"1",,"1",,"1",,"0",,"",,"",,"0",,"0",,"",,"",
"2216",,"2960",,"2019-07-23 14:00:48.2566056",,"1",,"1",,"1",,"2019-07-23 14:00:48.2566056",,"1",,"1",,"2019-07-23 14:00:48.2566056",,"dbc9b029-599a-4440-8abf-049b3547b6ec",,"2019-07-24 15:31:21.3000057",,"dbc9b029-599a-4440-8abf-049b3547b6ec",,"0",,"",,"1",,"",,"1",,"2019-08-02 08:55:41.9869447",,"9b368f63-921d-423d-87c4-128b3a99a2ca",,"0",,"",,"",,"1",,"1",,"1",,"1",,"",,"",,"1",,"0",,"",,"",
"2217",,"2986",,"2019-07-23 17:04:16.6814754",,"1",,"1",,"1",,"2019-07-23 17:07:41.9828734",,"1",,"1",,"2019-07-23 17:04:16.6814754",,"dbc9b029-599a-4440-8abf-049b3547b6ec",,"2019-07-24 15:27:12.7855808",,"dbc9b029-599a-4440-8abf-049b3547b6ec",,"0",,"",,"1",,"",,"1",,"2019-08-02 08:54:16.4079442",,"9b368f63-921d-423d-87c4-128b3a99a2ca",,"0",,"",,"",,"1",,"1",,"1",,"1",,"",,"",,"1",,"0",,"",,"",
"2218",,"2987",,"2019-07-23 19:19:19.0096557",,"1",,"1",,"1",,"2019-07-23 19:19:19.0106549",,"1",,"1",,"2019-07-23 19:19:19.0096557",,"dbc9b029-599a-4440-8abf-049b3547b6ec",,"2019-07-24 15:27:55.3245667",,"dbc9b029-599a-4440-8abf-049b3547b6ec",,"0",,"",,"1",,"",,"1",,"2019-08-02 08:55:00.4500326",,"9b368f63-921d-423d-87c4-128b3a99a2ca",,"0",,"",,"",,"1",,"1",,"0",,"0",,"",,"",,"0",,"0",,"",,"",
"2219",,"2988",,"2019-07-24 10:26:34.7722985",,"1",,"1",,"1",,"2019-07-24 10:26:34.7732851",,"1",,"1",,"2019-07-24 10:26:34.7732851",,"dbc9b029-599a-4440-8abf-049b3547b6ec",,"2019-07-24 15:31:48.1808888",,"dbc9b029-599a-4440-8abf-049b3547b6ec",,"0",,"",,"1",,"",,"1",,"2019-08-02 08:57:11.6972352",,"9b368f63-921d-423d-87c4-128b3a99a2ca",,"0",,"",,"",,"1",,"1",,"1",,"1",,"",,"",,"1",,"0",,"",,"",
"2220",,"2978",,"2019-07-24 14:56:18.5955701",,"1",,"1",,"1",,"2019-07-24 14:56:18.5965743",,"1",,"1",,"2019-07-24 14:56:18.5955701",,"dbc9b029-599a-4440-8abf-049b3547b6ec",,"2019-07-24 15:29:55.5579919",,"dbc9b029-599a-4440-8abf-049b3547b6ec",,"0",,"",,"1",,"",,"1",,"2019-08-02 08:55:25.2727744",,"9b368f63-921d-423d-87c4-128b3a99a2ca",,"0",,"",,"",,"1",,"1",,"1",,"1",,"",,"",,"1",,"0",,"",,"",
"2221",,"2989",,"2019-07-24 16:23:38.5339763",,"1",,"1",,"1",,"2019-07-24 16:23:38.5339763",,"1",,"1",,"2019-07-24 16:23:38.5339763",,"",,"2019-07-26 13:04:40.0562693",,"",,"1",,"dbc9b029-599a-4440-8abf-049b3547b6ec",,"4",,"",,"0",,"",,"",,"0",,"",,"",,"0",,"4",,"1",,"0",,"",,"",,"0",,"0",,"",,"",
"2222",,"2990",,"2019-07-24 16:45:17.7560735",,"1",,"2",,"0",,"",,"2",,"2",,"2019-07-24 16:53:34.9649353",,"",,"",,"",,"0",,"",,"0",,"",,"0",,"",,"",,"0",,"",,"",,"0",,"4",,"1",,"1",,"",,"",,"1",,"1",,"2019-08-26 15:23:39.2945516",,"dc81b1b0-6ac2-486f-9912-645473cc8b27",
"2223",,"2979",,"2019-07-24 17:35:10.3949070",,"1",,"2",,"2",,"2019-07-26 12:09:54.6264646",,"2",,"2",,"2019-07-26 12:09:54.6264646",,"dbc9b029-599a-4440-8abf-049b3547b6ec",,"2019-07-26 13:02:34.2864434",,"dbc9b029-599a-4440-8abf-049b3547b6ec",,"0",,"",,"1",,"",,"1",,"2019-08-02 08:56:55.5321013",,"9b368f63-921d-423d-87c4-128b3a99a2ca",,"0",,"",,"",,"1",,"1",,"1",,"0",,"",,"",,"0",,"0",,"",,"",
"2224",,"2991",,"2019-07-25 10:36:55.5940356",,"1",,"1",,"1",,"2019-07-25 10:36:55.5950369",,"1",,"1",,"2019-07-25 10:36:55.5940356",,"dbc9b029-599a-4440-8abf-049b3547b6ec",,"2019-07-26 13:02:54.1208336",,"dbc9b029-599a-4440-8abf-049b3547b6ec",,"0",,"",,"1",,"",,"1",,"2019-08-02 08:57:03.2406417",,"9b368f63-921d-423d-87c4-128b3a99a2ca",,"0",,"",,"",,"1",,"1",,"1",,"1",,"",,"",,"1",,"0",,"",,"",
"2225",,"2995",,"2019-07-25 15:48:06.5714009",,"1",,"1",,"1",,"2019-07-25 15:48:06.5733953",,"1",,"1",,"2019-07-25 15:48:06.5724004",,"dbc9b029-599a-4440-8abf-049b3547b6ec",,"2019-07-26 12:58:50.2797367",,"dbc9b029-599a-4440-8abf-049b3547b6ec",,"0",,"",,"1",,"",,"1",,"2019-08-02 08:56:04.7675438",,"9b368f63-921d-423d-87c4-128b3a99a2ca",,"0",,"",,"",,"1",,"1",,"1",,"1",,"",,"",,"1",,"0",,"",,"",
"2226",,"2994",,"2019-07-26 08:49:43.3932860",,"1",,"4",,"3",,"2019-09-11 15:52:11.8265525",,"2",,"2",,"2019-09-11 11:05:36.8530839",,"",,"",,"",,"0",,"",,"0",,"",,"0",,"",,"",,"0",,"",,"",,"0",,"1",,"1",,"1",,"",,"",,"1",,"0",,"",,"",
"2227",,"2992",,"2019-07-26 10:28:27.8786830",,"1",,"2",,"2",,"2019-07-26 10:34:48.8393929",,"2",,"2",,"2019-07-26 10:34:48.8393929",,"dbc9b029-599a-4440-8abf-049b3547b6ec",,"2019-07-26 12:58:13.1671344",,"dbc9b029-599a-4440-8abf-049b3547b6ec",,"0",,"",,"1",,"",,"1",,"2019-08-02 08:55:07.5655330",,"9b368f63-921d-423d-87c4-128b3a99a2ca",,"0",,"",,"",,"1",,"1",,"1",,"0",,"",,"",,"0",,"0",,"",,"",
"2228",,"2997",,"2019-07-26 12:18:36.7519693",,"1",,"1",,"1",,"2019-07-26 12:18:36.7539706",,"1",,"1",,"2019-07-26 12:18:36.7529685",,"dbc9b029-599a-4440-8abf-049b3547b6ec",,"2019-07-26 13:02:12.4269107",,"dbc9b029-599a-4440-8abf-049b3547b6ec",,"0",,"",,"1",,"",,"1",,"2019-08-02 08:56:46.7754889",,"9b368f63-921d-423d-87c4-128b3a99a2ca",,"0",,"",,"",,"1",,"1",,"1",,"1",,"",,"",,"1",,"0",,"",,"",
"2229",,"2999",,"2019-07-29 17:06:10.4996020",,"1",,"1",,"0",,"",,"1",,"1",,"2019-07-29 17:06:10.4996020",,"",,"",,"",,"0",,"",,"0",,"Capture eMarket Sign up "Yes"",,"0",,"",,"",,"0",,"",,"",,"0",,"4",,"0",,"0",,"",,"",,"0",,"1",,"2019-07-30 11:05:11.3248989",,"58fabf8f-69f8-4ff2-889a-405bbc568838",
"2230",,"3000",,"2019-07-29 17:23:05.7817984",,"1",,"1",,"0",,"",,"1",,"1",,"2019-07-29 17:23:05.7817984",,"",,"",,"",,"0",,"",,"0",,"Capture eMarket Sign up "Yes"",,"0",,"",,"",,"0",,"",,"",,"0",,"4",,"0",,"0",,"",,"",,"0",,"1",,"2019-07-30 11:05:18.9958299",,"58fabf8f-69f8-4ff2-889a-405bbc568838",
"2231",,"3001",,"2019-07-29 17:41:27.4199447",,"1",,"1",,"0",,"",,"1",,"1",,"2019-07-29 17:41:27.4199447",,"",,"",,"",,"0",,"",,"0",,"Capture eMarket Sign up "Yes"",,"0",,"",,"",,"0",,"",,"",,"0",,"4",,"0",,"0",,"",,"",,"0",,"1",,"2019-07-30 11:05:26.1436964",,"58fabf8f-69f8-4ff2-889a-405bbc568838",
"3224",,"2998",,"2019-07-30 10:24:53.8343216",,"1",,"2",,"2",,"2019-07-30 10:30:36.0442097",,"2",,"2",,"2019-07-30 10:30:36.0442097",,"dbc9b029-599a-4440-8abf-049b3547b6ec",,"2019-07-31 13:32:00.8266634",,"dbc9b029-599a-4440-8abf-049b3547b6ec",,"0",,"",,"1",,"",,"1",,"2019-08-02 08:56:35.8507227",,"9b368f63-921d-423d-87c4-128b3a99a2ca",,"0",,"",,"",,"1",,"1",,"1",,"0",,"",,"",,"0",,"0",,"",,"",
"3225",,"2999",,"2019-07-30 11:16:20.7677980",,"1",,"1",,"1",,"2019-07-30 11:16:20.7687965",,"1",,"1",,"2019-07-30 11:16:20.7677980",,"dbc9b029-599a-4440-8abf-049b3547b6ec",,"2019-07-31 13:29:05.8383939",,"dbc9b029-599a-4440-8abf-049b3547b6ec",,"0",,"",,"1",,"",,"1",,"2019-08-02 08:54:47.3801161",,"9b368f63-921d-423d-87c4-128b3a99a2ca",,"0",,"",,"",,"1",,"1",,"1",,"0",,"",,"",,"0",,"0",,"",,"",
"3226",,"3000",,"2019-07-30 11:20:23.9340471",,"1",,"1",,"1",,"2019-07-30 11:20:23.9340471",,"1",,"1",,"2019-07-30 11:20:23.9340471",,"dbc9b029-599a-4440-8abf-049b3547b6ec",,"2019-07-31 13:28:57.5738164",,"dbc9b029-599a-4440-8abf-049b3547b6ec",,"0",,"",,"1",,"",,"1",,"2019-08-02 08:54:25.1135569",,"9b368f63-921d-423d-87c4-128b3a99a2ca",,"0",,"",,"",,"1",,"1",,"1",,"0",,"",,"",,"0",,"0",,"",,"",
"3227",,"3001",,"2019-07-30 11:23:51.4555904",,"1",,"1",,"1",,"2019-07-30 11:23:51.4555904",,"1",,"1",,"2019-07-30 11:23:51.4555904",,"dbc9b029-599a-4440-8abf-049b3547b6ec",,"2019-07-31 13:29:55.8118983",,"dbc9b029-599a-4440-8abf-049b3547b6ec",,"0",,"",,"1",,"",,"1",,"2019-08-02 08:54:31.6340129",,"9b368f63-921d-423d-87c4-128b3a99a2ca",,"0",,"",,"",,"1",,"1",,"1",,"0",,"",,"",,"0",,"0",,"",,"",
"3228",,"3991",,"2019-07-30 13:35:18.7214736",,"1",,"1",,"1",,"2019-07-30 13:35:18.7214736",,"1",,"1",,"2019-07-30 13:35:18.7214736",,"dbc9b029-599a-4440-8abf-049b3547b6ec",,"2019-07-31 13:30:23.5778464",,"dbc9b029-599a-4440-8abf-049b3547b6ec",,"0",,"",,"1",,"",,"1",,"2019-08-02 08:54:39.4925619",,"9b368f63-921d-423d-87c4-128b3a99a2ca",,"0",,"",,"",,"1",,"1",,"1",,"0",,"",,"",,"0",,"0",,"",,"",
"3229",,"3992",,"2019-07-31 12:11:26.2883476",,"1",,"1",,"1",,"2019-07-31 12:11:26.2903481",,"1",,"1",,"2019-07-31 12:11:26.2893473",,"dbc9b029-599a-4440-8abf-049b3547b6ec",,"2019-07-31 13:31:33.9357790",,"dbc9b029-599a-4440-8abf-049b3547b6ec",,"0",,"",,"1",,"",,"1",,"2019-08-02 08:56:24.8939537",,"9b368f63-921d-423d-87c4-128b3a99a2ca",,"0",,"",,"",,"1",,"1",,"1",,"1",,"",,"",,"1",,"0",,"",,"",
"3230",,"3993",,"2019-08-05 12:24:39.1755580",,"1",,"1",,"1",,"2019-08-05 12:24:39.1765578",,"1",,"1",,"2019-08-05 12:24:39.1765578",,"dbc9b029-599a-4440-8abf-049b3547b6ec",,"2019-08-06 14:36:22.3907526",,"dbc9b029-599a-4440-8abf-049b3547b6ec",,"0",,"",,"1",,"",,"1",,"2019-08-07 10:24:22.3625798",,"9b368f63-921d-423d-87c4-128b3a99a2ca",,"0",,"",,"",,"1",,"1",,"1",,"0",,"",,"",,"0",,"0",,"",,"",
"4224",,"3994",,"2019-08-06 10:50:52.9282665",,"1",,"4",,"4",,"2019-08-06 12:11:19.4483208",,"2",,"2",,"2019-08-06 10:58:14.4977728",,"dbc9b029-599a-4440-8abf-049b3547b6ec",,"2019-08-06 14:38:33.7079624",,"dbc9b029-599a-4440-8abf-049b3547b6ec",,"0",,"",,"1",,"",,"1",,"2019-08-07 10:24:35.0456396",,"9b368f63-921d-423d-87c4-128b3a99a2ca",,"0",,"",,"",,"1",,"1",,"1",,"1",,"",,"",,"1",,"0",,"",,"",
"4225",,"2962",,"2019-08-07 12:00:17.0540473",,"1",,"2",,"2",,"2019-08-07 15:07:29.3982783",,"3",,"3",,"2019-08-07 12:39:55.3208407",,"dbc9b029-599a-4440-8abf-049b3547b6ec",,"2019-08-08 08:42:02.3382603",,"dbc9b029-599a-4440-8abf-049b3547b6ec",,"0",,"",,"1",,"",,"1",,"2019-08-13 11:29:01.1603873",,"9b368f63-921d-423d-87c4-128b3a99a2ca",,"0",,"",,"",,"1",,"1",,"1",,"0",,"",,"",,"0",,"0",,"",,"",
"4226",,"4992",,"2019-08-07 13:20:35.3270927",,"1",,"1",,"1",,"2019-08-07 13:20:35.3270927",,"1",,"1",,"2019-08-07 13:20:35.3270927",,"dbc9b029-599a-4440-8abf-049b3547b6ec",,"2019-08-08 08:42:59.4068982",,"dbc9b029-599a-4440-8abf-049b3547b6ec",,"0",,"",,"1",,"",,"1",,"2019-08-13 11:29:15.4252985",,"9b368f63-921d-423d-87c4-128b3a99a2ca",,"0",,"",,"",,"1",,"1",,"1",,"1",,"",,"",,"1",,"0",,"",,"",
"4227",,"4993",,"2019-08-07 15:02:32.8493856",,"1",,"1",,"0",,"",,"1",,"1",,"2019-08-07 15:02:32.8493856",,"",,"",,"",,"0",,"",,"0",,"Client to resubmit new application with correct details of signatories and Authorized representatives",,"0",,"",,"",,"0",,"",,"",,"0",,"4",,"1",,"0",,"",,"",,"0",,"1",,"2019-08-09 12:33:09.5169131",,"dc81b1b0-6ac2-486f-9912-645473cc8b27",
"4228",,"2966",,"2019-08-08 20:33:03.3805784",,"1",,"1",,"1",,"2019-08-08 20:33:03.3815787",,"2",,"1",,"",,"",,"",,"",,"0",,"",,"0",,"",,"0",,"",,"",,"0",,"",,"",,"0",,"1",,"1",,"1",,"",,"",,"1",,"0",,"",,"",
"4229",,"4993",,"2019-08-09 12:50:53.8045424",,"1",,"1",,"1",,"2019-08-09 12:50:53.8055412",,"1",,"1",,"2019-08-09 12:50:53.8045424",,"dbc9b029-599a-4440-8abf-049b3547b6ec",,"2019-08-14 12:26:41.3477430",,"dbc9b029-599a-4440-8abf-049b3547b6ec",,"0",,"",,"1",,"",,"1",,"2019-08-15 14:32:28.2373787",,"9b368f63-921d-423d-87c4-128b3a99a2ca",,"0",,"",,"",,"1",,"1",,"1",,"1",,"",,"",,"1",,"0",,"",,"",
"4230",,"4994",,"2019-08-09 17:16:05.1333367",,"1",,"1",,"1",,"2019-08-09 17:16:05.1333367",,"2",,"2",,"2019-08-14 11:39:51.0337497",,"dbc9b029-599a-4440-8abf-049b3547b6ec",,"2019-08-14 12:27:20.5042382",,"dbc9b029-599a-4440-8abf-049b3547b6ec",,"0",,"",,"1",,"",,"1",,"2019-08-15 14:32:41.8182439",,"9b368f63-921d-423d-87c4-128b3a99a2ca",,"0",,"",,"",,"1",,"1",,"1",,"1",,"",,"",,"1",,"0",,"",,"",
"4231",,"4995",,"2019-08-14 14:15:31.6166687",,"1",,"1",,"1",,"2019-08-14 14:15:31.6176685",,"2",,"2",,"2019-09-17 10:56:12.2057855",,"dbc9b029-599a-4440-8abf-049b3547b6ec",,"2019-09-18 17:03:42.6804855",,"dbc9b029-599a-4440-8abf-049b3547b6ec",,"0",,"",,"1",,"",,"1",,"2019-09-24 14:44:57.6430439",,"9b368f63-921d-423d-87c4-128b3a99a2ca",,"0",,"",,"",,"1",,"1",,"0",,"1",,"",,"",,"1",,"0",,"",,"",
"4232",,"4996",,"2019-08-16 13:09:58.0541705",,"1",,"1",,"1",,"2019-08-16 13:09:58.0551756",,"1",,"1",,"2019-08-16 13:09:58.0541705",,"dbc9b029-599a-4440-8abf-049b3547b6ec",,"2019-08-20 16:34:45.6574894",,"dbc9b029-599a-4440-8abf-049b3547b6ec",,"0",,"",,"1",,"",,"1",,"2019-08-27 13:49:54.6330147",,"9b368f63-921d-423d-87c4-128b3a99a2ca",,"0",,"",,"",,"1",,"1",,"0",,"0",,"",,"",,"0",,"0",,"",,"",
"4233",,"4998",,"2019-08-16 15:24:10.6010478",,"1",,"1",,"1",,"2019-08-16 15:24:10.6030485",,"1",,"1",,"2019-08-16 15:24:10.6020559",,"dbc9b029-599a-4440-8abf-049b3547b6ec",,"2019-08-20 16:35:10.7380873",,"dbc9b029-599a-4440-8abf-049b3547b6ec",,"0",,"",,"1",,"",,"1",,"2019-08-27 13:49:41.8241173",,"9b368f63-921d-423d-87c4-128b3a99a2ca",,"0",,"",,"",,"1",,"1",,"0",,"1",,"",,"",,"1",,"0",,"",,"",
"4234",,"4999",,"2019-08-19 12:57:35.9875929",,"1",,"3",,"3",,"2019-08-19 13:42:37.6536706",,"1",,"1",,"2019-08-19 12:57:35.9885927",,"dbc9b029-599a-4440-8abf-049b3547b6ec",,"2019-08-20 16:36:02.9354110",,"dbc9b029-599a-4440-8abf-049b3547b6ec",,"0",,"",,"1",,"",,"1",,"2019-08-27 13:49:32.0364298",,"9b368f63-921d-423d-87c4-128b3a99a2ca",,"0",,"",,"",,"1",,"1",,"1",,"0",,"",,"",,"0",,"0",,"",,"",
"4235",,"5000",,"2019-08-20 10:59:22.8748744",,"1",,"2",,"2",,"2019-08-20 11:49:51.2115844",,"2",,"2",,"2019-08-20 11:13:09.1474593",,"dbc9b029-599a-4440-8abf-049b3547b6ec",,"2019-08-20 16:35:36.2967159",,"dbc9b029-599a-4440-8abf-049b3547b6ec",,"0",,"",,"1",,"",,"1",,"2019-08-27 13:49:22.2967420",,"9b368f63-921d-423d-87c4-128b3a99a2ca",,"0",,"",,"",,"1",,"1",,"1",,"0",,"",,"",,"0",,"0",,"",,"",
"4236",,"5001",,"2019-08-20 12:16:07.4797425",,"1",,"1",,"1",,"2019-08-20 12:16:07.4797425",,"1",,"1",,"2019-08-20 12:16:07.4797425",,"dbc9b029-599a-4440-8abf-049b3547b6ec",,"2019-08-27 13:49:03.2634145",,"dbc9b029-599a-4440-8abf-049b3547b6ec",,"1",,"9b368f63-921d-423d-87c4-128b3a99a2ca",,"4",,"",,"0",,"",,"",,"0",,"",,"",,"0",,"4",,"1",,"1",,"",,"",,"1",,"0",,"",,"",
"4237",,"5002",,"2019-08-20 16:18:09.4510381",,"1",,"2",,"2",,"2019-08-27 16:16:39.1236342",,"3",,"3",,"2019-08-27 15:39:13.7601959",,"dbc9b029-599a-4440-8abf-049b3547b6ec",,"2019-08-28 11:56:17.3069491",,"dbc9b029-599a-4440-8abf-049b3547b6ec",,"0",,"",,"1",,"",,"1",,"2019-08-29 16:26:13.2559221",,"9b368f63-921d-423d-87c4-128b3a99a2ca",,"0",,"",,"",,"1",,"1",,"1",,"0",,"",,"",,"0",,"0",,"",,"",
"4238",,"5003",,"2019-08-21 17:09:32.8653698",,"1",,"1",,"1",,"2019-08-21 17:09:32.8663698",,"1",,"1",,"2019-08-21 17:09:32.8663698",,"",,"2019-08-22 11:39:39.8323312",,"",,"1",,"dbc9b029-599a-4440-8abf-049b3547b6ec",,"4",,"",,"0",,"",,"",,"0",,"",,"",,"0",,"4",,"1",,"1",,"",,"",,"1",,"0",,"",,"",
"4239",,"5003",,"2019-08-22 14:54:08.5728676",,"1",,"1",,"1",,"2019-08-22 14:54:08.5738657",,"2",,"1",,"",,"",,"",,"",,"0",,"",,"0",,"Change of Signatory",,"0",,"",,"",,"0",,"",,"",,"0",,"4",,"1",,"1",,"",,"",,"1",,"1",,"2019-08-27 08:48:17.6831265",,"58fabf8f-69f8-4ff2-889a-405bbc568838",
"4240",,"2981",,"2019-08-22 17:08:53.6358173",,"1",,"1",,"0",,"",,"2",,"1",,"",,"",,"",,"",,"0",,"",,"0",,"Email Address captured wrongly for the Representative. ",,"0",,"",,"",,"0",,"",,"",,"0",,"4",,"1",,"0",,"",,"",,"0",,"1",,"2019-08-23 09:12:08.8697675",,"58fabf8f-69f8-4ff2-889a-405bbc568838",
"5225",,"5005",,"2019-08-23 12:22:48.4879567",,"1",,"3",,"3",,"2019-09-12 10:00:19.0424176",,"3",,"3",,"2019-09-11 14:13:10.4351164",,"dbc9b029-599a-4440-8abf-049b3547b6ec",,"2019-09-13 15:07:56.4476584",,"dbc9b029-599a-4440-8abf-049b3547b6ec",,"0",,"",,"1",,"",,"1",,"2019-09-24 14:44:49.4105196",,"9b368f63-921d-423d-87c4-128b3a99a2ca",,"0",,"",,"",,"1",,"1",,"1",,"0",,"",,"",,"0",,"0",,"",,"",
"5226",,"2981",,"2019-08-24 19:42:12.1408666",,"1",,"1",,"1",,"2019-08-24 19:42:12.1418615",,"2",,"1",,"",,"",,"",,"",,"0",,"",,"0",,"",,"0",,"",,"",,"0",,"",,"",,"0",,"1",,"1",,"1",,"",,"",,"1",,"0",,"",,"",
"5227",,"5003",,"2019-08-27 11:47:16.1060518",,"1",,"1",,"1",,"2019-08-27 11:47:16.1070526",,"2",,"2",,"2019-08-27 16:17:06.5325570",,"dbc9b029-599a-4440-8abf-049b3547b6ec",,"2019-08-28 11:54:56.7392988",,"dbc9b029-599a-4440-8abf-049b3547b6ec",,"0",,"",,"1",,"",,"1",,"2019-08-29 16:26:03.5952401",,"9b368f63-921d-423d-87c4-128b3a99a2ca",,"0",,"",,"",,"1",,"1",,"1",,"1",,"",,"",,"1",,"0",,"",,"",
"5228",,"5994",,"2019-08-28 10:31:18.2264134",,"1",,"2",,"2",,"2019-08-28 10:37:56.7433581",,"2",,"2",,"2019-08-28 10:37:56.7433581",,"dbc9b029-599a-4440-8abf-049b3547b6ec",,"2019-08-28 11:54:14.9343643",,"dbc9b029-599a-4440-8abf-049b3547b6ec",,"0",,"",,"1",,"",,"1",,"2019-08-29 16:25:55.3146623",,"9b368f63-921d-423d-87c4-128b3a99a2ca",,"0",,"",,"",,"1",,"1",,"1",,"1",,"",,"",,"1",,"0",,"",,"",
"5229",,"5995",,"2019-08-28 16:28:53.6778088",,"1",,"4",,"4",,"2019-08-28 16:44:33.8597221",,"2",,"2",,"2019-08-28 16:37:11.4357156",,"dbc9b029-599a-4440-8abf-049b3547b6ec",,"2019-09-03 15:54:25.7383809",,"dbc9b029-599a-4440-8abf-049b3547b6ec",,"0",,"",,"1",,"",,"1",,"2019-09-10 09:01:35.4611580",,"9b368f63-921d-423d-87c4-128b3a99a2ca",,"0",,"",,"",,"1",,"1",,"1",,"1",,"",,"",,"1",,"0",,"",,"",
"5230",,"5001",,"2019-08-30 10:33:33.2668326",,"1",,"1",,"0",,"",,"2",,"1",,"",,"",,"",,"",,"0",,"",,"0",,"",,"0",,"",,"",,"0",,"",,"",,"0",,"4",,"1",,"1",,"",,"",,"1",,"1",,"2019-08-30 10:37:18.1195985",,"58fabf8f-69f8-4ff2-889a-405bbc568838",
"5231",,"5001",,"2019-08-30 10:44:02.3089350",,"1",,"1",,"1",,"2019-08-30 10:44:02.3089350",,"2",,"2",,"2019-10-08 10:29:45.6027609",,"",,"2019-10-09 09:09:36.0659741",,"",,"1",,"dbc9b029-599a-4440-8abf-049b3547b6ec",,"4",,"Not signed by Authorised signatory",,"0",,"",,"",,"0",,"",,"",,"0",,"4",,"1",,"1",,"",,"",,"1",,"0",,"",,"",
"5232",,"2762",,"2019-09-03 11:46:41.8611760",,"1",,"1",,"1",,"2019-09-03 11:46:41.8611760",,"2",,"2",,"2019-09-12 14:32:28.4361456",,"dbc9b029-599a-4440-8abf-049b3547b6ec",,"2019-09-13 15:06:56.3096745",,"dbc9b029-599a-4440-8abf-049b3547b6ec",,"0",,"",,"1",,"",,"1",,"2019-09-24 14:44:41.4570136",,"9b368f63-921d-423d-87c4-128b3a99a2ca",,"0",,"",,"",,"1",,"1",,"1",,"1",,"",,"",,"1",,"0",,"",,"",
"6227",,"5996",,"2019-09-04 11:51:47.7294552",,"1",,"2",,"2",,"2019-09-24 10:27:24.2229251",,"2",,"2",,"2019-09-24 10:06:52.3614751",,"dbc9b029-599a-4440-8abf-049b3547b6ec",,"2019-09-25 11:25:45.3752615",,"dbc9b029-599a-4440-8abf-049b3547b6ec",,"0",,"",,"1",,"",,"1",,"2019-09-30 09:47:53.4338943",,"9b368f63-921d-423d-87c4-128b3a99a2ca",,"0",,"",,"",,"1",,"1",,"0",,"0",,"",,"",,"0",,"0",,"",,"",
"6228",,"6992",,"2019-09-04 13:00:25.5041721",,"1",,"2",,"2",,"2019-09-10 12:30:50.1321789",,"1",,"1",,"2019-09-04 13:00:25.5041721",,"dbc9b029-599a-4440-8abf-049b3547b6ec",,"2019-09-10 14:11:00.2766187",,"dbc9b029-599a-4440-8abf-049b3547b6ec",,"0",,"",,"1",,"",,"1",,"2019-09-11 09:05:58.4297271",,"9b368f63-921d-423d-87c4-128b3a99a2ca",,"0",,"",,"",,"1",,"1",,"1",,"1",,"",,"",,"1",,"0",,"",,"",
"6229",,"6996",,"2019-09-05 14:27:42.1594513",,"1",,"1",,"1",,"2019-09-05 14:27:42.1604519",,"1",,"1",,"2019-09-05 14:27:42.1594513",,"dbc9b029-599a-4440-8abf-049b3547b6ec",,"2019-09-09 08:11:52.6670706",,"dbc9b029-599a-4440-8abf-049b3547b6ec",,"0",,"",,"1",,"",,"1",,"2019-09-10 09:01:18.1339563",,"9b368f63-921d-423d-87c4-128b3a99a2ca",,"0",,"",,"",,"1",,"1",,"1",,"1",,"",,"",,"1",,"0",,"",,"",
"6230",,"6997",,"2019-09-05 16:02:39.9149601",,"1",,"5",,"0",,"",,"4",,"1",,"",,"",,"",,"",,"0",,"",,"0",,"",,"0",,"",,"",,"0",,"",,"",,"0",,"4",,"1",,"0",,"",,"",,"0",,"1",,"2019-09-05 16:33:19.3399510",,"58fabf8f-69f8-4ff2-889a-405bbc568838",
"6231",,"6998",,"2019-09-10 12:35:40.1035100",,"1",,"2",,"2",,"2019-10-03 12:27:16.8177533",,"2",,"2",,"2019-10-03 12:17:56.2700529",,"dbc9b029-599a-4440-8abf-049b3547b6ec",,"2019-10-08 10:24:39.8462892",,"dbc9b029-599a-4440-8abf-049b3547b6ec",,"0",,"",,"1",,"",,"1",,"2019-10-16 08:27:15.7462944",,"9b368f63-921d-423d-87c4-128b3a99a2ca",,"0",,"",,"",,"1",,"1",,"1",,"0",,"",,"",,"0",,"0",,"",,"",
"6232",,"7000",,"2019-09-11 17:09:02.9918725",,"1",,"1",,"1",,"2019-09-11 17:09:02.9928720",,"1",,"1",,"2019-09-11 17:09:02.9918725",,"dbc9b029-599a-4440-8abf-049b3547b6ec",,"2019-09-24 14:44:30.2112991",,"dbc9b029-599a-4440-8abf-049b3547b6ec",,"1",,"9b368f63-921d-423d-87c4-128b3a99a2ca",,"4",,"",,"0",,"",,"",,"0",,"",,"",,"0",,"4",,"1",,"1",,"",,"",,"1",,"0",,"",,"",
"6233",,"7004",,"2019-09-12 12:18:53.7524167",,"1",,"1",,"0",,"",,"1",,"1",,"2019-09-12 12:18:53.7524167",,"",,"",,"",,"0",,"",,"0",,"",,"0",,"",,"",,"0",,"",,"",,"0",,"4",,"1",,"1",,"",,"",,"1",,"1",,"2019-09-12 13:03:29.2120174",,"dc81b1b0-6ac2-486f-9912-645473cc8b27",
"6234",,"7004",,"2019-09-12 13:10:30.0775274",,"1",,"1",,"1",,"2019-09-12 13:10:30.0785251",,"1",,"1",,"2019-09-12 13:10:30.0775274",,"dbc9b029-599a-4440-8abf-049b3547b6ec",,"2019-09-13 15:05:16.3093847",,"dbc9b029-599a-4440-8abf-049b3547b6ec",,"0",,"",,"1",,"",,"1",,"2019-09-24 14:43:37.0389092",,"9b368f63-921d-423d-87c4-128b3a99a2ca",,"0",,"",,"",,"1",,"1",,"1",,"1",,"",,"",,"1",,"0",,"",,"",
"7227",,"5004",,"2019-09-13 11:02:44.3465363",,"1",,"2",,"2",,"2019-09-13 11:31:04.2755359",,"2",,"2",,"2019-09-13 11:19:34.4037821",,"dbc9b029-599a-4440-8abf-049b3547b6ec",,"2019-09-13 15:04:50.1752198",,"dbc9b029-599a-4440-8abf-049b3547b6ec",,"0",,"",,"1",,"",,"1",,"2019-09-24 14:43:25.7881937",,"9b368f63-921d-423d-87c4-128b3a99a2ca",,"0",,"",,"",,"1",,"1",,"1",,"0",,"",,"",,"0",,"0",,"",,"",
"7228",,"7003",,"2019-09-13 12:02:41.3226274",,"1",,"1",,"1",,"2019-09-13 12:02:41.3226274",,"1",,"1",,"2019-09-13 12:02:41.3226274",,"dbc9b029-599a-4440-8abf-049b3547b6ec",,"2019-09-13 15:04:16.4054152",,"dbc9b029-599a-4440-8abf-049b3547b6ec",,"0",,"",,"1",,"",,"1",,"2019-09-24 14:43:18.3457270",,"9b368f63-921d-423d-87c4-128b3a99a2ca",,"0",,"",,"",,"1",,"1",,"1",,"0",,"",,"",,"0",,"0",,"",,"",
"7229",,"6994",,"2019-09-16 12:35:11.6767850",,"1",,"1",,"1",,"2019-09-16 12:35:11.6777858",,"1",,"1",,"2019-09-16 12:35:11.6767850",,"dbc9b029-599a-4440-8abf-049b3547b6ec",,"2019-09-16 15:29:45.8547693",,"dbc9b029-599a-4440-8abf-049b3547b6ec",,"0",,"",,"1",,"",,"1",,"2019-09-24 14:43:05.1818876",,"9b368f63-921d-423d-87c4-128b3a99a2ca",,"0",,"",,"",,"1",,"1",,"1",,"0",,"",,"",,"0",,"0",,"",,"",
"7230",,"7994",,"2019-09-16 13:46:32.2581222",,"1",,"2",,"1",,"2019-09-16 13:46:32.2581222",,"1",,"1",,"2019-09-16 13:46:32.2581222",,"",,"",,"",,"0",,"",,"0",,"",,"0",,"",,"",,"0",,"",,"",,"0",,"4",,"1",,"0",,"",,"",,"0",,"1",,"2019-09-16 13:48:04.5211825",,"58fabf8f-69f8-4ff2-889a-405bbc568838",
"7231",,"7994",,"2019-09-16 13:50:57.0623884",,"1",,"1",,"1",,"2019-09-16 13:50:57.0623884",,"1",,"1",,"2019-09-16 13:50:57.0623884",,"dbc9b029-599a-4440-8abf-049b3547b6ec",,"2019-09-16 15:29:13.7733247",,"dbc9b029-599a-4440-8abf-049b3547b6ec",,"0",,"",,"1",,"",,"1",,"2019-09-24 14:42:56.1853014",,"9b368f63-921d-423d-87c4-128b3a99a2ca",,"0",,"",,"",,"1",,"1",,"1",,"0",,"",,"",,"0",,"0",,"",,"",
"7232",,"4997",,"2019-09-16 15:06:18.3231320",,"1",,"1",,"1",,"2019-09-16 15:06:18.3231320",,"1",,"1",,"2019-09-16 15:06:18.3231320",,"dbc9b029-599a-4440-8abf-049b3547b6ec",,"2019-09-16 15:28:42.6039285",,"dbc9b029-599a-4440-8abf-049b3547b6ec",,"0",,"",,"1",,"",,"1",,"2019-09-24 14:42:40.0192776",,"9b368f63-921d-423d-87c4-128b3a99a2ca",,"0",,"",,"",,"1",,"1",,"1",,"0",,"",,"",,"0",,"0",,"",,"",
"7233",,"7995",,"2019-09-16 15:22:19.5836390",,"1",,"1",,"1",,"2019-09-16 15:22:19.5836390",,"1",,"1",,"2019-09-16 15:22:19.5836390",,"dbc9b029-599a-4440-8abf-049b3547b6ec",,"2019-09-16 15:27:57.0544427",,"dbc9b029-599a-4440-8abf-049b3547b6ec",,"0",,"",,"1",,"",,"1",,"2019-09-24 14:42:32.9388271",,"9b368f63-921d-423d-87c4-128b3a99a2ca",,"0",,"",,"",,"1",,"1",,"1",,"0",,"",,"",,"0",,"0",,"",,"",
"7234",,"7997",,"2019-09-17 12:32:53.5144279",,"1",,"1",,"1",,"2019-09-17 12:32:53.5154227",,"3",,"3",,"2019-09-24 12:10:16.9510791",,"dbc9b029-599a-4440-8abf-049b3547b6ec",,"2019-09-25 11:24:44.5373855",,"dbc9b029-599a-4440-8abf-049b3547b6ec",,"0",,"",,"1",,"",,"1",,"2019-09-30 09:47:42.7462103",,"9b368f63-921d-423d-87c4-128b3a99a2ca",,"0",,"",,"",,"1",,"1",,"1",,"1",,"",,"",,"1",,"0",,"",,"",
"7235",,"7999",,"2019-09-17 13:20:49.6563693",,"1",,"1",,"1",,"2019-09-17 13:48:41.8522540",,"1",,"1",,"2019-09-17 13:20:49.6563693",,"dbc9b029-599a-4440-8abf-049b3547b6ec",,"2019-09-18 17:03:20.0300014",,"dbc9b029-599a-4440-8abf-049b3547b6ec",,"0",,"",,"1",,"",,"1",,"2019-09-24 14:42:26.0973927",,"9b368f63-921d-423d-87c4-128b3a99a2ca",,"0",,"",,"",,"1",,"1",,"1",,"0",,"",,"",,"0",,"0",,"",,"",
"7236",,"8001",,"2019-09-17 14:55:57.9848928",,"1",,"3",,"3",,"2019-09-17 15:11:17.7642300",,"1",,"1",,"2019-09-17 14:55:57.9848928",,"dbc9b029-599a-4440-8abf-049b3547b6ec",,"2019-09-18 17:02:50.7462019",,"dbc9b029-599a-4440-8abf-049b3547b6ec",,"0",,"",,"1",,"",,"1",,"2019-09-24 14:42:16.3997753",,"9b368f63-921d-423d-87c4-128b3a99a2ca",,"0",,"",,"",,"1",,"1",,"1",,"0",,"",,"",,"0",,"0",,"",,"",
"7237",,"8002",,"2019-09-17 15:45:41.6030611",,"1",,"2",,"2",,"2019-09-17 16:01:27.8064145",,"2",,"2",,"2019-09-17 15:55:12.0396772",,"dbc9b029-599a-4440-8abf-049b3547b6ec",,"2019-09-18 17:02:43.3467366",,"dbc9b029-599a-4440-8abf-049b3547b6ec",,"0",,"",,"1",,"",,"1",,"2019-09-24 14:42:08.1342402",,"9b368f63-921d-423d-87c4-128b3a99a2ca",,"0",,"",,"",,"1",,"1",,"1",,"1",,"",,"",,"1",,"0",,"",,"",
"7238",,"8003",,"2019-09-17 16:31:30.3102591",,"1",,"2",,"2",,"2019-09-18 12:54:00.3809561",,"2",,"2",,"2019-09-18 12:03:19.1951477",,"dbc9b029-599a-4440-8abf-049b3547b6ec",,"2019-09-18 17:01:57.2866131",,"dbc9b029-599a-4440-8abf-049b3547b6ec",,"0",,"",,"1",,"",,"1",,"2019-09-24 14:42:00.4287550",,"9b368f63-921d-423d-87c4-128b3a99a2ca",,"0",,"",,"",,"1",,"1",,"1",,"0",,"",,"",,"0",,"0",,"",,"",
"8227",,"8992",,"2019-09-18 10:38:21.6317680",,"1",,"2",,"2",,"2019-09-18 10:43:09.1137393",,"1",,"1",,"2019-09-18 10:38:21.6327679",,"dbc9b029-599a-4440-8abf-049b3547b6ec",,"2019-09-18 17:01:16.7225802",,"dbc9b029-599a-4440-8abf-049b3547b6ec",,"0",,"",,"1",,"",,"1",,"2019-09-24 14:41:52.1652268",,"9b368f63-921d-423d-87c4-128b3a99a2ca",,"0",,"",,"",,"1",,"1",,"1",,"1",,"",,"",,"1",,"0",,"",,"",
"8228",,"8994",,"2019-09-18 15:13:25.1262615",,"1",,"2",,"1",,"2019-09-18 15:13:25.1272571",,"1",,"1",,"2019-09-18 15:13:25.1272571",,"",,"",,"",,"0",,"",,"0",,"",,"0",,"",,"",,"0",,"",,"",,"0",,"4",,"1",,"1",,"",,"",,"1",,"1",,"2019-09-18 16:04:16.5863684",,"58fabf8f-69f8-4ff2-889a-405bbc568838",
"8229",,"8994",,"2019-09-18 16:14:46.4800725",,"1",,"2",,"2",,"2019-09-18 16:20:11.2207612",,"1",,"1",,"2019-09-18 16:14:46.4800725",,"dbc9b029-599a-4440-8abf-049b3547b6ec",,"2019-09-18 17:00:45.4663890",,"dbc9b029-599a-4440-8abf-049b3547b6ec",,"0",,"",,"1",,"",,"1",,"2019-09-24 14:41:39.3254126",,"9b368f63-921d-423d-87c4-128b3a99a2ca",,"0",,"",,"",,"1",,"1",,"1",,"1",,"",,"",,"1",,"0",,"",,"",
"8230",,"8995",,"2019-09-19 11:27:20.4571695",,"1",,"1",,"1",,"2019-09-19 11:27:20.4571695",,"1",,"1",,"2019-09-19 11:27:20.4571695",,"dbc9b029-599a-4440-8abf-049b3547b6ec",,"2019-09-20 09:45:41.9500708",,"dbc9b029-599a-4440-8abf-049b3547b6ec",,"0",,"",,"1",,"",,"1",,"2019-09-24 14:41:27.6006571",,"9b368f63-921d-423d-87c4-128b3a99a2ca",,"0",,"",,"",,"1",,"1",,"1",,"0",,"",,"",,"0",,"0",,"",,"",
"8231",,"8996",,"2019-09-19 17:09:56.4911783",,"1",,"1",,"1",,"2019-09-19 17:09:56.4931781",,"1",,"1",,"2019-09-19 17:09:56.4921775",,"",,"2019-09-20 09:43:20.1550432",,"",,"1",,"dbc9b029-599a-4440-8abf-049b3547b6ec",,"4",,"",,"0",,"",,"",,"0",,"",,"",,"0",,"4",,"1",,"0",,"",,"",,"0",,"0",,"",,"",
"8232",,"8997",,"2019-09-20 08:13:32.5018929",,"1",,"2",,"1",,"2019-10-24 09:44:11.8144187",,"1",,"1",,"2019-09-20 08:13:32.5028897",,"",,"",,"",,"0",,"",,"0",,"",,"0",,"",,"",,"0",,"",,"",,"0",,"1",,"1",,"1",,"",,"",,"1",,"0",,"",,"",
"8233",,"8998",,"2019-09-20 08:28:19.9604152",,"1",,"1",,"1",,"2019-09-20 08:28:19.9604152",,"2",,"2",,"2019-09-20 08:31:24.6391763",,"",,"2019-09-20 09:44:01.8676962",,"",,"1",,"dbc9b029-599a-4440-8abf-049b3547b6ec",,"4",,"",,"0",,"",,"",,"0",,"",,"",,"0",,"4",,"1",,"1",,"",,"",,"1",,"0",,"",,"",
"8234",,"8993",,"2019-09-20 10:28:04.9462523",,"1",,"1",,"1",,"2019-09-20 10:28:04.9462523",,"4",,"4",,"2019-09-20 10:48:26.1730538",,"dbc9b029-599a-4440-8abf-049b3547b6ec",,"2019-09-23 08:29:45.8958021",,"dbc9b029-599a-4440-8abf-049b3547b6ec",,"0",,"",,"1",,"",,"1",,"2019-09-24 14:41:14.7858477",,"9b368f63-921d-423d-87c4-128b3a99a2ca",,"0",,"",,"",,"1",,"1",,"1",,"0",,"",,"",,"0",,"0",,"",,"",
"8235",,"8999",,"2019-09-20 12:11:29.8344559",,"1",,"1",,"1",,"2019-09-20 12:11:29.8344559",,"2",,"1",,"",,"",,"",,"",,"0",,"",,"0",,"Demo Profile",,"0",,"",,"",,"0",,"",,"",,"0",,"4",,"1",,"0",,"",,"",,"0",,"1",,"2019-09-20 12:26:34.2080622",,"58fabf8f-69f8-4ff2-889a-405bbc568838",
"8236",,"9000",,"2019-09-20 12:14:39.7595540",,"1",,"1",,"1",,"2019-09-20 12:14:39.7595540",,"2",,"2",,"2019-09-20 12:22:06.8970257",,"dbc9b029-599a-4440-8abf-049b3547b6ec",,"2019-09-23 08:28:34.9462763",,"dbc9b029-599a-4440-8abf-049b3547b6ec",,"0",,"",,"1",,"",,"1",,"2019-09-24 14:41:06.3383115",,"9b368f63-921d-423d-87c4-128b3a99a2ca",,"0",,"",,"",,"1",,"1",,"1",,"1",,"",,"",,"1",,"0",,"",,"",
"8237",,"8996",,"2019-09-20 12:48:47.9550049",,"1",,"2",,"2",,"2019-09-24 17:51:20.6213061",,"2",,"2",,"2019-09-24 17:51:20.6213061",,"dbc9b029-599a-4440-8abf-049b3547b6ec",,"2019-09-25 11:23:44.3445525",,"dbc9b029-599a-4440-8abf-049b3547b6ec",,"0",,"",,"1",,"",,"1",,"2019-09-30 09:47:21.0988297",,"9b368f63-921d-423d-87c4-128b3a99a2ca",,"0",,"",,"",,"1",,"1",,"1",,"0",,"",,"",,"0",,"0",,"",,"",
"8238",,"9001",,"2019-09-21 11:57:11.3323173",,"1",,"1",,"0",,"",,"1",,"1",,"2019-09-21 11:57:11.3323173",,"",,"",,"",,"0",,"",,"0",,"",,"0",,"",,"",,"0",,"",,"",,"0",,"4",,"1",,"1",,"",,"",,"1",,"1",,"2019-09-26 10:18:30.2024641",,"dc81b1b0-6ac2-486f-9912-645473cc8b27",
"8239",,"9002",,"2019-09-23 13:06:25.8311935",,"1",,"2",,"1",,"2019-09-23 13:06:25.8311935",,"2",,"1",,"",,"",,"",,"",,"0",,"",,"0",,"",,"0",,"",,"",,"0",,"",,"",,"0",,"4",,"1",,"0",,"",,"",,"0",,"1",,"2019-09-25 16:01:03.8553474",,"58fabf8f-69f8-4ff2-889a-405bbc568838",
"8240",,"9003",,"2019-09-23 15:06:19.2375123",,"1",,"2",,"2",,"2019-09-23 15:10:23.7110730",,"2",,"2",,"2019-09-23 15:10:23.7110730",,"dbc9b029-599a-4440-8abf-049b3547b6ec",,"2019-09-25 11:22:57.1775490",,"dbc9b029-599a-4440-8abf-049b3547b6ec",,"0",,"",,"1",,"",,"1",,"2019-09-30 09:47:10.9031778",,"9b368f63-921d-423d-87c4-128b3a99a2ca",,"0",,"",,"",,"1",,"1",,"1",,"0",,"",,"",,"0",,"0",,"",,"",
"8241",,"9004",,"2019-09-23 16:47:20.5235524",,"1",,"1",,"1",,"2019-09-23 16:47:20.5255593",,"1",,"1",,"2019-09-23 16:47:20.5245606",,"dbc9b029-599a-4440-8abf-049b3547b6ec",,"2019-09-25 11:21:59.3968692",,"dbc9b029-599a-4440-8abf-049b3547b6ec",,"0",,"",,"1",,"",,"1",,"2019-09-30 09:47:00.0414907",,"9b368f63-921d-423d-87c4-128b3a99a2ca",,"0",,"",,"",,"1",,"1",,"1",,"1",,"",,"",,"1",,"0",,"",,"",
"8242",,"9005",,"2019-09-24 13:22:45.9036012",,"1",,"2",,"2",,"2019-09-24 13:55:56.0556896",,"2",,"2",,"2019-09-24 13:42:16.6518374",,"dbc9b029-599a-4440-8abf-049b3547b6ec",,"2019-09-25 11:21:27.3658320",,"dbc9b029-599a-4440-8abf-049b3547b6ec",,"0",,"",,"1",,"",,"1",,"2019-09-30 09:46:43.9744665",,"9b368f63-921d-423d-87c4-128b3a99a2ca",,"0",,"",,"",,"1",,"1",,"1",,"0",,"",,"",,"0",,"0",,"",,"",
"8243",,"9006",,"2019-09-24 15:41:58.1789119",,"1",,"1",,"1",,"2019-09-24 15:41:58.1789119",,"2",,"2",,"2019-09-24 16:02:42.6111627",,"dbc9b029-599a-4440-8abf-049b3547b6ec",,"2019-09-25 11:20:34.3504479",,"dbc9b029-599a-4440-8abf-049b3547b6ec",,"0",,"",,"1",,"",,"1",,"2019-09-30 09:46:32.6997575",,"9b368f63-921d-423d-87c4-128b3a99a2ca",,"0",,"",,"",,"1",,"1",,"1",,"0",,"",,"",,"0",,"0",,"",,"",
"8244",,"9007",,"2019-09-24 15:45:02.6886502",,"1",,"1",,"1",,"2019-09-24 15:45:02.6886502",,"1",,"1",,"2019-09-24 15:45:02.6886502",,"dbc9b029-599a-4440-8abf-049b3547b6ec",,"2019-09-25 11:19:54.2278967",,"dbc9b029-599a-4440-8abf-049b3547b6ec",,"0",,"",,"1",,"",,"1",,"2019-09-30 09:46:16.3387169",,"9b368f63-921d-423d-87c4-128b3a99a2ca",,"0",,"",,"",,"1",,"1",,"1",,"1",,"",,"",,"1",,"0",,"",,"",
"8245",,"9009",,"2019-09-24 17:24:54.1122635",,"1",,"1",,"1",,"2019-09-24 17:39:56.2467130",,"1",,"1",,"2019-09-24 17:24:54.1122635",,"dbc9b029-599a-4440-8abf-049b3547b6ec",,"2019-09-25 11:19:23.3259213",,"dbc9b029-599a-4440-8abf-049b3547b6ec",,"0",,"",,"1",,"",,"1",,"2019-09-30 09:46:04.5889760",,"9b368f63-921d-423d-87c4-128b3a99a2ca",,"0",,"",,"",,"1",,"1",,"1",,"1",,"",,"",,"1",,"0",,"",,"",
"8246",,"9010",,"2019-09-24 19:22:31.7225423",,"1",,"1",,"1",,"2019-09-24 19:22:31.7235416",,"1",,"1",,"2019-09-24 19:22:31.7235416",,"dbc9b029-599a-4440-8abf-049b3547b6ec",,"2019-09-25 11:18:52.2059439",,"dbc9b029-599a-4440-8abf-049b3547b6ec",,"0",,"",,"1",,"",,"1",,"2019-09-30 09:45:50.0500306",,"9b368f63-921d-423d-87c4-128b3a99a2ca",,"0",,"",,"",,"1",,"1",,"1",,"1",,"",,"",,"1",,"0",,"",,"",
"8247",,"9013",,"2019-09-25 14:16:29.5797173",,"1",,"1",,"1",,"2019-09-25 14:16:29.5807151",,"2",,"2",,"2019-09-25 14:25:00.3202338",,"dbc9b029-599a-4440-8abf-049b3547b6ec",,"2019-10-08 10:23:09.5825383",,"dbc9b029-599a-4440-8abf-049b3547b6ec",,"0",,"",,"1",,"",,"1",,"2019-10-16 08:27:03.6795260",,"9b368f63-921d-423d-87c4-128b3a99a2ca",,"0",,"",,"",,"1",,"1",,"1",,"0",,"",,"",,"0",,"0",,"",,"",
"8248",,"9014",,"2019-09-25 14:26:26.5297203",,"1",,"1",,"1",,"2019-09-25 14:26:26.5297203",,"2",,"1",,"",,"",,"",,"",,"0",,"",,"0",,"",,"0",,"",,"",,"0",,"",,"",,"0",,"4",,"1",,"0",,"",,"",,"0",,"1",,"2019-09-25 14:39:55.3522606",,"dc81b1b0-6ac2-486f-9912-645473cc8b27",
"8249",,"9015",,"2019-09-25 14:38:21.4502724",,"1",,"1",,"1",,"2019-09-25 14:38:21.4502724",,"1",,"1",,"2019-09-25 14:38:21.4502724",,"dbc9b029-599a-4440-8abf-049b3547b6ec",,"2019-09-26 08:09:01.6440059",,"dbc9b029-599a-4440-8abf-049b3547b6ec",,"0",,"",,"1",,"",,"1",,"2019-09-30 09:45:34.2830263",,"9b368f63-921d-423d-87c4-128b3a99a2ca",,"0",,"",,"",,"1",,"1",,"1",,"1",,"",,"",,"1",,"0",,"",,"",
"8250",,"9014",,"2019-09-25 14:43:34.4631944",,"1",,"1",,"1",,"2019-09-25 14:43:34.4631944",,"2",,"2",,"2019-09-26 10:29:03.6499426",,"dbc9b029-599a-4440-8abf-049b3547b6ec",,"2019-09-26 10:46:49.0773434",,"dbc9b029-599a-4440-8abf-049b3547b6ec",,"0",,"",,"1",,"",,"1",,"2019-09-30 09:45:19.5990920",,"9b368f63-921d-423d-87c4-128b3a99a2ca",,"0",,"",,"",,"1",,"1",,"1",,"0",,"",,"",,"0",,"0",,"",,"",
"9230",,"9996",,"2019-09-26 09:44:31.8785387",,"1",,"1",,"1",,"2019-09-26 09:44:31.8785387",,"1",,"1",,"2019-09-26 09:44:31.8785387",,"",,"2019-09-26 10:44:01.0556349",,"",,"1",,"dbc9b029-599a-4440-8abf-049b3547b6ec",,"4",,"",,"0",,"",,"",,"0",,"",,"",,"0",,"4",,"0",,"1",,"",,"",,"1",,"0",,"",,"",
"10230",,"9001",,"2019-09-26 10:34:58.0855891",,"1",,"2",,"2",,"2019-09-27 13:42:19.8523887",,"1",,"1",,"2019-09-26 10:34:58.0855891",,"dbc9b029-599a-4440-8abf-049b3547b6ec",,"2019-10-08 10:23:42.7906581",,"dbc9b029-599a-4440-8abf-049b3547b6ec",,"0",,"",,"1",,"",,"1",,"2019-10-16 08:26:55.5720221",,"9b368f63-921d-423d-87c4-128b3a99a2ca",,"0",,"",,"",,"1",,"1",,"1",,"1",,"",,"",,"1",,"0",,"",,"",
"10231",,"9996",,"2019-09-26 10:52:23.9916756",,"1",,"1",,"1",,"2019-09-26 10:52:23.9916756",,"1",,"1",,"2019-09-26 10:52:23.9916756",,"dbc9b029-599a-4440-8abf-049b3547b6ec",,"2019-09-26 11:16:04.3881387",,"dbc9b029-599a-4440-8abf-049b3547b6ec",,"0",,"",,"1",,"",,"1",,"2019-09-30 09:45:10.0044920",,"9b368f63-921d-423d-87c4-128b3a99a2ca",,"0",,"",,"",,"1",,"1",,"1",,"1",,"",,"",,"1",,"0",,"",,"",
"10232",,"10997",,"2019-09-26 13:30:11.6824945",,"1",,"1",,"1",,"2019-09-26 13:30:11.6834949",,"1",,"1",,"2019-09-26 13:30:11.6834949",,"dbc9b029-599a-4440-8abf-049b3547b6ec",,"2019-10-08 10:22:25.9037595",,"dbc9b029-599a-4440-8abf-049b3547b6ec",,"0",,"",,"1",,"",,"1",,"2019-10-16 08:26:48.3245492",,"9b368f63-921d-423d-87c4-128b3a99a2ca",,"0",,"",,"",,"1",,"1",,"1",,"1",,"",,"",,"1",,"0",,"",,"",
"10233",,"11000",,"2019-09-30 12:24:55.2794328",,"1",,"4",,"4",,"2019-10-16 12:24:47.5740125",,"2",,"2",,"2019-10-09 15:02:31.4864692",,"",,"",,"",,"0",,"",,"0",,"",,"0",,"",,"",,"0",,"",,"",,"0",,"1",,"1",,"1",,"",,"",,"1",,"0",,"",,"",
"10234",,"10998",,"2019-09-30 16:05:11.4136970",,"1",,"1",,"1",,"2019-10-04 11:12:56.9855686",,"1",,"1",,"2019-09-30 16:05:11.4136970",,"dbc9b029-599a-4440-8abf-049b3547b6ec",,"2019-10-08 10:21:52.6516358",,"dbc9b029-599a-4440-8abf-049b3547b6ec",,"0",,"",,"1",,"",,"1",,"2019-10-16 08:26:40.7360666",,"9b368f63-921d-423d-87c4-128b3a99a2ca",,"0",,"",,"",,"1",,"1",,"0",,"1",,"",,"",,"1",,"0",,"",,"",
"10235",,"11001",,"2019-09-30 16:31:31.0323088",,"1",,"2",,"2",,"2019-09-30 16:49:29.6670076",,"1",,"1",,"2019-09-30 16:31:31.0323088",,"dbc9b029-599a-4440-8abf-049b3547b6ec",,"2019-10-08 10:25:25.1531695",,"dbc9b029-599a-4440-8abf-049b3547b6ec",,"0",,"",,"1",,"",,"1",,"2019-10-16 08:26:34.0516405",,"9b368f63-921d-423d-87c4-128b3a99a2ca",,"0",,"",,"",,"1",,"1",,"1",,"0",,"",,"",,"0",,"0",,"",,"",
"10236",,"11004",,"2019-10-03 11:12:45.5519761",,"1",,"3",,"3",,"2019-10-03 11:31:04.7659811",,"2",,"2",,"2019-10-03 11:22:32.7123697",,"dbc9b029-599a-4440-8abf-049b3547b6ec",,"2019-10-08 10:21:18.8714956",,"dbc9b029-599a-4440-8abf-049b3547b6ec",,"0",,"",,"1",,"",,"1",,"2019-10-16 08:26:27.9382486",,"9b368f63-921d-423d-87c4-128b3a99a2ca",,"0",,"",,"",,"1",,"1",,"1",,"1",,"",,"",,"1",,"0",,"",,"",
"10237",,"11005",,"2019-10-04 12:56:43.4326091",,"1",,"1",,"1",,"2019-10-04 13:09:15.7385266",,"1",,"1",,"2019-10-04 12:56:43.4336088",,"dbc9b029-599a-4440-8abf-049b3547b6ec",,"2019-10-08 10:20:20.0457404",,"dbc9b029-599a-4440-8abf-049b3547b6ec",,"0",,"",,"1",,"",,"1",,"2019-10-16 08:26:17.5085839",,"9b368f63-921d-423d-87c4-128b3a99a2ca",,"0",,"",,"",,"1",,"1",,"1",,"1",,"",,"",,"1",,"0",,"",,"",
"10238",,"6999",,"2019-10-07 11:33:05.5524327",,"1",,"2",,"1",,"2019-10-07 11:33:05.5524327",,"1",,"1",,"2019-10-07 11:33:05.5534315",,"",,"",,"",,"0",,"",,"0",,"",,"0",,"",,"",,"0",,"",,"",,"0",,"1",,"0",,"0",,"",,"",,"0",,"0",,"",,"",
"10239",,"11006",,"2019-10-07 15:48:38.3155381",,"1",,"2",,"0",,"",,"2",,"1",,"",,"",,"",,"",,"0",,"",,"0",,"",,"0",,"",,"",,"0",,"",,"",,"0",,"1",,"0",,"0",,"",,"",,"0",,"0",,"",,"",
"10240",,"11008",,"2019-10-08 09:50:26.1624850",,"1",,"2",,"0",,"",,"2",,"1",,"",,"",,"",,"",,"0",,"",,"0",,"Incorrect email address for Subhash",,"0",,"",,"",,"0",,"",,"",,"0",,"4",,"1",,"1",,"",,"",,"1",,"1",,"2019-10-08 09:53:33.3103974",,"58fabf8f-69f8-4ff2-889a-405bbc568838",
"10241",,"11008",,"2019-10-08 10:03:02.8586858",,"1",,"2",,"2",,"2019-10-09 10:17:14.5064475",,"2",,"2",,"2019-10-09 10:17:14.5064475",,"dbc9b029-599a-4440-8abf-049b3547b6ec",,"2019-10-11 07:12:51.1527478",,"dbc9b029-599a-4440-8abf-049b3547b6ec",,"0",,"",,"1",,"",,"1",,"2019-10-16 08:26:07.5289498",,"9b368f63-921d-423d-87c4-128b3a99a2ca",,"0",,"",,"",,"1",,"1",,"1",,"1",,"",,"",,"1",,"0",,"",,"",
"10242",,"11009",,"2019-10-08 12:20:03.4962651",,"1",,"2",,"1",,"2019-10-08 12:20:03.4962651",,"2",,"1",,"",,"",,"",,"",,"0",,"",,"0",,"",,"0",,"",,"",,"0",,"",,"",,"0",,"1",,"1",,"0",,"",,"",,"0",,"0",,"",,"",
"10243",,"11010",,"2019-10-08 14:39:32.0842740",,"1",,"1",,"1",,"2019-10-08 14:52:18.8251077",,"1",,"1",,"2019-10-08 14:39:32.0842740",,"",,"2019-10-09 07:16:29.1047027",,"",,"1",,"dbc9b029-599a-4440-8abf-049b3547b6ec",,"4",,"",,"0",,"",,"",,"0",,"",,"",,"0",,"4",,"1",,"1",,"",,"",,"1",,"0",,"",,"",
"10244",,"11007",,"2019-10-08 16:25:49.4184572",,"1",,"1",,"1",,"2019-10-08 16:25:49.4194934",,"1",,"1",,"2019-10-08 16:25:49.4184572",,"dbc9b029-599a-4440-8abf-049b3547b6ec",,"2019-10-09 07:19:24.8458866",,"dbc9b029-599a-4440-8abf-049b3547b6ec",,"0",,"",,"1",,"",,"1",,"2019-10-16 08:25:55.8272055",,"9b368f63-921d-423d-87c4-128b3a99a2ca",,"0",,"",,"",,"1",,"1",,"1",,"0",,"",,"",,"0",,"0",,"",,"",
"10245",,"11012",,"2019-10-09 11:03:21.2987472",,"1",,"1",,"1",,"2019-10-09 11:03:21.2987472",,"1",,"1",,"2019-10-09 11:03:21.2987472",,"dbc9b029-599a-4440-8abf-049b3547b6ec",,"2019-10-11 07:11:56.7152876",,"dbc9b029-599a-4440-8abf-049b3547b6ec",,"0",,"",,"1",,"",,"1",,"2019-10-16 08:25:45.9475730",,"9b368f63-921d-423d-87c4-128b3a99a2ca",,"0",,"",,"",,"1",,"1",,"1",,"0",,"",,"",,"0",,"0",,"",,"",
"10246",,"11014",,"2019-10-11 10:11:16.0615680",,"1",,"1",,"0",,"",,"1",,"1",,"2019-10-11 10:11:16.0625665",,"",,"",,"",,"0",,"",,"0",,"Use a different e-mail address for the Authorized representatives. ",,"0",,"",,"",,"0",,"",,"",,"0",,"4",,"1",,"1",,"",,"",,"1",,"1",,"2019-10-15 15:44:00.5589462",,"58fabf8f-69f8-4ff2-889a-405bbc568838",
"10247",,"11014",,"2019-10-15 16:02:46.3666481",,"1",,"1",,"0",,"",,"1",,"1",,"2019-10-15 16:02:46.3666481",,"",,"",,"",,"0",,"",,"0",,"",,"0",,"",,"",,"0",,"",,"",,"0",,"1",,"1",,"1",,"",,"",,"1",,"0",,"",,"",
"10248",,"11017",,"2019-10-18 10:46:19.4384648",,"1",,"1",,"0",,"",,"1",,"1",,"2019-10-18 10:46:19.4394636",,"",,"",,"",,"0",,"",,"0",,"",,"0",,"",,"",,"0",,"",,"",,"0",,"1",,"1",,"0",,"",,"",,"0",,"0",,"",,"",
"10249",,"11018",,"2019-10-22 11:08:31.8943188",,"1",,"2",,"1",,"2019-10-22 11:08:31.8953106",,"1",,"1",,"2019-10-22 11:08:31.8953106",,"",,"",,"",,"0",,"",,"0",,"",,"0",,"",,"",,"0",,"",,"",,"0",,"1",,"1",,"1",,"",,"",,"1",,"0",,"",,"",
"10250",,"11019",,"2019-10-24 12:09:06.0491686",,"1",,"1",,"1",,"2019-10-24 12:09:06.0511660",,"1",,"1",,"2019-10-24 12:09:06.0501660",,"",,"",,"",,"0",,"",,"0",,"",,"0",,"",,"",,"0",,"",,"",,"0",,"1",,"1",,"0",,"",,"",,"0",,"0",,"",,"",
